Dates,Dates
01-Jan-10,01-Jan-10
02-Jan-10,02-Jan-10
03-Jan-10,03-Jan-10
04-Jan-10,04-Jan-10
05-Jan-10,05-Jan-10
06-Jan-10,06-Jan-10
07-Jan-10,07-Jan-10
08-Jan-10,08-Jan-10
09-Jan-10,09-Jan-10
10-Jan-10,10-Jan-10
11-Jan-10,11-Jan-10
12-Jan-10,12-Jan-10
13-Jan-10,13-Jan-10
14-Jan-10,14-Jan-10
15-Jan-10,15-Jan-10
16-Jan-10,16-Jan-10
17-Jan-10,17-Jan-10
18-Jan-10,18-Jan-10
19-Jan-10,19-Jan-10
20-Jan-10,20-Jan-10
21-Jan-10,21-Jan-10
22-Jan-10,22-Jan-10
23-Jan-10,23-Jan-10
24-Jan-10,24-Jan-10
25-Jan-10,25-Jan-10
26-Jan-10,26-Jan-10
27-Jan-10,27-Jan-10
28-Jan-10,28-Jan-10
29-Jan-10,29-Jan-10
30-Jan-10,30-Jan-10
31-Jan-10,31-Jan-10
01-Feb-10,01-Feb-10
02-Feb-10,02-Feb-10
03-Feb-10,03-Feb-10
04-Feb-10,04-Feb-10
05-Feb-10,05-Feb-10
06-Feb-10,06-Feb-10
07-Feb-10,07-Feb-10
08-Feb-10,08-Feb-10
09-Feb-10,09-Feb-10
10-Feb-10,10-Feb-10
11-Feb-10,11-Feb-10
12-Feb-10,12-Feb-10
13-Feb-10,13-Feb-10
14-Feb-10,14-Feb-10
15-Feb-10,15-Feb-10
16-Feb-10,16-Feb-10
17-Feb-10,17-Feb-10
18-Feb-10,18-Feb-10
19-Feb-10,19-Feb-10
20-Feb-10,20-Feb-10
21-Feb-10,21-Feb-10
22-Feb-10,22-Feb-10
23-Feb-10,23-Feb-10
24-Feb-10,24-Feb-10
25-Feb-10,25-Feb-10
26-Feb-10,26-Feb-10
27-Feb-10,27-Feb-10
28-Feb-10,28-Feb-10
01-Mar-10,01-Mar-10
02-Mar-10,02-Mar-10
03-Mar-10,03-Mar-10
04-Mar-10,04-Mar-10
05-Mar-10,05-Mar-10
06-Mar-10,06-Mar-10
07-Mar-10,07-Mar-10
08-Mar-10,08-Mar-10
09-Mar-10,09-Mar-10
10-Mar-10,10-Mar-10
11-Mar-10,11-Mar-10
12-Mar-10,12-Mar-10
13-Mar-10,13-Mar-10
14-Mar-10,14-Mar-10
15-Mar-10,15-Mar-10
16-Mar-10,16-Mar-10
17-Mar-10,17-Mar-10
18-Mar-10,18-Mar-10
19-Mar-10,19-Mar-10
20-Mar-10,20-Mar-10
21-Mar-10,21-Mar-10
22-Mar-10,22-Mar-10
23-Mar-10,23-Mar-10
24-Mar-10,24-Mar-10
25-Mar-10,25-Mar-10
26-Mar-10,26-Mar-10
27-Mar-10,27-Mar-10
28-Mar-10,28-Mar-10
29-Mar-10,29-Mar-10
30-Mar-10,30-Mar-10
31-Mar-10,31-Mar-10
01-Apr-10,01-Apr-10
02-Apr-10,02-Apr-10
03-Apr-10,03-Apr-10
04-Apr-10,04-Apr-10
05-Apr-10,05-Apr-10
06-Apr-10,06-Apr-10
07-Apr-10,07-Apr-10
08-Apr-10,08-Apr-10
09-Apr-10,09-Apr-10
10-Apr-10,10-Apr-10
11-Apr-10,11-Apr-10
12-Apr-10,12-Apr-10
13-Apr-10,13-Apr-10
14-Apr-10,14-Apr-10
15-Apr-10,15-Apr-10
16-Apr-10,16-Apr-10
17-Apr-10,17-Apr-10
18-Apr-10,18-Apr-10
19-Apr-10,19-Apr-10
20-Apr-10,20-Apr-10
21-Apr-10,21-Apr-10
22-Apr-10,22-Apr-10
23-Apr-10,23-Apr-10
24-Apr-10,24-Apr-10
25-Apr-10,25-Apr-10
26-Apr-10,26-Apr-10
27-Apr-10,27-Apr-10
28-Apr-10,28-Apr-10
29-Apr-10,29-Apr-10
30-Apr-10,30-Apr-10
01-May-10,01-May-10
02-May-10,02-May-10
03-May-10,03-May-10
04-May-10,04-May-10
05-May-10,05-May-10
06-May-10,06-May-10
07-May-10,07-May-10
08-May-10,08-May-10
09-May-10,09-May-10
10-May-10,10-May-10
11-May-10,11-May-10
12-May-10,12-May-10
13-May-10,13-May-10
14-May-10,14-May-10
15-May-10,15-May-10
16-May-10,16-May-10
17-May-10,17-May-10
18-May-10,18-May-10
19-May-10,19-May-10
20-May-10,20-May-10
21-May-10,21-May-10
22-May-10,22-May-10
23-May-10,23-May-10
24-May-10,24-May-10
25-May-10,25-May-10
26-May-10,26-May-10
27-May-10,27-May-10
28-May-10,28-May-10
29-May-10,29-May-10
30-May-10,30-May-10
31-May-10,31-May-10
01-Jun-10,01-Jun-10
02-Jun-10,02-Jun-10
03-Jun-10,03-Jun-10
04-Jun-10,04-Jun-10
05-Jun-10,05-Jun-10
06-Jun-10,06-Jun-10
07-Jun-10,07-Jun-10
08-Jun-10,08-Jun-10
09-Jun-10,09-Jun-10
10-Jun-10,10-Jun-10
11-Jun-10,11-Jun-10
12-Jun-10,12-Jun-10
13-Jun-10,13-Jun-10
14-Jun-10,14-Jun-10
15-Jun-10,15-Jun-10
16-Jun-10,16-Jun-10
17-Jun-10,17-Jun-10
18-Jun-10,18-Jun-10
19-Jun-10,19-Jun-10
20-Jun-10,20-Jun-10
21-Jun-10,21-Jun-10
22-Jun-10,22-Jun-10
23-Jun-10,23-Jun-10
24-Jun-10,24-Jun-10
25-Jun-10,25-Jun-10
26-Jun-10,26-Jun-10
27-Jun-10,27-Jun-10
28-Jun-10,28-Jun-10
29-Jun-10,29-Jun-10
30-Jun-10,30-Jun-10
01-Jul-10,01-Jul-10
02-Jul-10,02-Jul-10
03-Jul-10,03-Jul-10
04-Jul-10,04-Jul-10
05-Jul-10,05-Jul-10
06-Jul-10,06-Jul-10
07-Jul-10,07-Jul-10
08-Jul-10,08-Jul-10
09-Jul-10,09-Jul-10
10-Jul-10,10-Jul-10
11-Jul-10,11-Jul-10
12-Jul-10,12-Jul-10
13-Jul-10,13-Jul-10
14-Jul-10,14-Jul-10
15-Jul-10,15-Jul-10
16-Jul-10,16-Jul-10
17-Jul-10,17-Jul-10
18-Jul-10,18-Jul-10
19-Jul-10,19-Jul-10
20-Jul-10,20-Jul-10
21-Jul-10,21-Jul-10
22-Jul-10,22-Jul-10
23-Jul-10,23-Jul-10
24-Jul-10,24-Jul-10
25-Jul-10,25-Jul-10
26-Jul-10,26-Jul-10
27-Jul-10,27-Jul-10
28-Jul-10,28-Jul-10
29-Jul-10,29-Jul-10
30-Jul-10,30-Jul-10
31-Jul-10,31-Jul-10
01-Aug-10,01-Aug-10
02-Aug-10,02-Aug-10
03-Aug-10,03-Aug-10
04-Aug-10,04-Aug-10
05-Aug-10,05-Aug-10
06-Aug-10,06-Aug-10
07-Aug-10,07-Aug-10
08-Aug-10,08-Aug-10
09-Aug-10,09-Aug-10
10-Aug-10,10-Aug-10
11-Aug-10,11-Aug-10
12-Aug-10,12-Aug-10
13-Aug-10,13-Aug-10
14-Aug-10,14-Aug-10
15-Aug-10,15-Aug-10
16-Aug-10,16-Aug-10
17-Aug-10,17-Aug-10
18-Aug-10,18-Aug-10
19-Aug-10,19-Aug-10
20-Aug-10,20-Aug-10
21-Aug-10,21-Aug-10
22-Aug-10,22-Aug-10
23-Aug-10,23-Aug-10
24-Aug-10,24-Aug-10
25-Aug-10,25-Aug-10
26-Aug-10,26-Aug-10
27-Aug-10,27-Aug-10
28-Aug-10,28-Aug-10
29-Aug-10,29-Aug-10
30-Aug-10,30-Aug-10
31-Aug-10,31-Aug-10
01-Sep-10,01-Sep-10
02-Sep-10,02-Sep-10
03-Sep-10,03-Sep-10
04-Sep-10,04-Sep-10
05-Sep-10,05-Sep-10
06-Sep-10,06-Sep-10
07-Sep-10,07-Sep-10
08-Sep-10,08-Sep-10
09-Sep-10,09-Sep-10
10-Sep-10,10-Sep-10
11-Sep-10,11-Sep-10
12-Sep-10,12-Sep-10
13-Sep-10,13-Sep-10
14-Sep-10,14-Sep-10
15-Sep-10,15-Sep-10
16-Sep-10,16-Sep-10
17-Sep-10,17-Sep-10
18-Sep-10,18-Sep-10
19-Sep-10,19-Sep-10
20-Sep-10,20-Sep-10
21-Sep-10,21-Sep-10
22-Sep-10,22-Sep-10
23-Sep-10,23-Sep-10
24-Sep-10,24-Sep-10
25-Sep-10,25-Sep-10
26-Sep-10,26-Sep-10
27-Sep-10,27-Sep-10
28-Sep-10,28-Sep-10
29-Sep-10,29-Sep-10
30-Sep-10,30-Sep-10
01-Oct-10,01-Oct-10
02-Oct-10,02-Oct-10
03-Oct-10,03-Oct-10
04-Oct-10,04-Oct-10
05-Oct-10,05-Oct-10
06-Oct-10,06-Oct-10
07-Oct-10,07-Oct-10
08-Oct-10,08-Oct-10
09-Oct-10,09-Oct-10
10-Oct-10,10-Oct-10
11-Oct-10,11-Oct-10
12-Oct-10,12-Oct-10
13-Oct-10,13-Oct-10
14-Oct-10,14-Oct-10
15-Oct-10,15-Oct-10
16-Oct-10,16-Oct-10
17-Oct-10,17-Oct-10
18-Oct-10,18-Oct-10
19-Oct-10,19-Oct-10
20-Oct-10,20-Oct-10
21-Oct-10,21-Oct-10
22-Oct-10,22-Oct-10
23-Oct-10,23-Oct-10
24-Oct-10,24-Oct-10
25-Oct-10,25-Oct-10
26-Oct-10,26-Oct-10
27-Oct-10,27-Oct-10
28-Oct-10,28-Oct-10
29-Oct-10,29-Oct-10
30-Oct-10,30-Oct-10
31-Oct-10,31-Oct-10
01-Nov-10,01-Nov-10
02-Nov-10,02-Nov-10
03-Nov-10,03-Nov-10
04-Nov-10,04-Nov-10
05-Nov-10,05-Nov-10
06-Nov-10,06-Nov-10
07-Nov-10,07-Nov-10
08-Nov-10,08-Nov-10
09-Nov-10,09-Nov-10
10-Nov-10,10-Nov-10
11-Nov-10,11-Nov-10
12-Nov-10,12-Nov-10
13-Nov-10,13-Nov-10
14-Nov-10,14-Nov-10
15-Nov-10,15-Nov-10
16-Nov-10,16-Nov-10
17-Nov-10,17-Nov-10
18-Nov-10,18-Nov-10
19-Nov-10,19-Nov-10
20-Nov-10,20-Nov-10
21-Nov-10,21-Nov-10
22-Nov-10,22-Nov-10
23-Nov-10,23-Nov-10
24-Nov-10,24-Nov-10
25-Nov-10,25-Nov-10
26-Nov-10,26-Nov-10
27-Nov-10,27-Nov-10
28-Nov-10,28-Nov-10
29-Nov-10,29-Nov-10
30-Nov-10,30-Nov-10
01-Dec-10,01-Dec-10
02-Dec-10,02-Dec-10
03-Dec-10,03-Dec-10
04-Dec-10,04-Dec-10
05-Dec-10,05-Dec-10
06-Dec-10,06-Dec-10
07-Dec-10,07-Dec-10
08-Dec-10,08-Dec-10
09-Dec-10,09-Dec-10
10-Dec-10,10-Dec-10
11-Dec-10,11-Dec-10
12-Dec-10,12-Dec-10
13-Dec-10,13-Dec-10
14-Dec-10,14-Dec-10
15-Dec-10,15-Dec-10
16-Dec-10,16-Dec-10
17-Dec-10,17-Dec-10
18-Dec-10,18-Dec-10
19-Dec-10,19-Dec-10
20-Dec-10,20-Dec-10
21-Dec-10,21-Dec-10
22-Dec-10,22-Dec-10
23-Dec-10,23-Dec-10
24-Dec-10,24-Dec-10
25-Dec-10,25-Dec-10
26-Dec-10,26-Dec-10
27-Dec-10,27-Dec-10
28-Dec-10,28-Dec-10
29-Dec-10,29-Dec-10
30-Dec-10,30-Dec-10
31-Dec-10,31-Dec-10
01-Jan-11,01-Jan-11
02-Jan-11,02-Jan-11
03-Jan-11,03-Jan-11
04-Jan-11,04-Jan-11
05-Jan-11,05-Jan-11
06-Jan-11,06-Jan-11
07-Jan-11,07-Jan-11
08-Jan-11,08-Jan-11
09-Jan-11,09-Jan-11
10-Jan-11,10-Jan-11
11-Jan-11,11-Jan-11
12-Jan-11,12-Jan-11
13-Jan-11,13-Jan-11
14-Jan-11,14-Jan-11
15-Jan-11,15-Jan-11
16-Jan-11,16-Jan-11
17-Jan-11,17-Jan-11
18-Jan-11,18-Jan-11
19-Jan-11,19-Jan-11
20-Jan-11,20-Jan-11
21-Jan-11,21-Jan-11
22-Jan-11,22-Jan-11
23-Jan-11,23-Jan-11
24-Jan-11,24-Jan-11
25-Jan-11,25-Jan-11
26-Jan-11,26-Jan-11
27-Jan-11,27-Jan-11
28-Jan-11,28-Jan-11
29-Jan-11,29-Jan-11
30-Jan-11,30-Jan-11
31-Jan-11,31-Jan-11
01-Feb-11,01-Feb-11
02-Feb-11,02-Feb-11
03-Feb-11,03-Feb-11
04-Feb-11,04-Feb-11
05-Feb-11,05-Feb-11
06-Feb-11,06-Feb-11
07-Feb-11,07-Feb-11
08-Feb-11,08-Feb-11
09-Feb-11,09-Feb-11
10-Feb-11,10-Feb-11
11-Feb-11,11-Feb-11
12-Feb-11,12-Feb-11
13-Feb-11,13-Feb-11
14-Feb-11,14-Feb-11
15-Feb-11,15-Feb-11
16-Feb-11,16-Feb-11
17-Feb-11,17-Feb-11
18-Feb-11,18-Feb-11
19-Feb-11,19-Feb-11
20-Feb-11,20-Feb-11
21-Feb-11,21-Feb-11
22-Feb-11,22-Feb-11
23-Feb-11,23-Feb-11
24-Feb-11,24-Feb-11
25-Feb-11,25-Feb-11
26-Feb-11,26-Feb-11
27-Feb-11,27-Feb-11
28-Feb-11,28-Feb-11
01-Mar-11,01-Mar-11
02-Mar-11,02-Mar-11
03-Mar-11,03-Mar-11
04-Mar-11,04-Mar-11
05-Mar-11,05-Mar-11
06-Mar-11,06-Mar-11
07-Mar-11,07-Mar-11
08-Mar-11,08-Mar-11
09-Mar-11,09-Mar-11
10-Mar-11,10-Mar-11
11-Mar-11,11-Mar-11
12-Mar-11,12-Mar-11
13-Mar-11,13-Mar-11
14-Mar-11,14-Mar-11
15-Mar-11,15-Mar-11
16-Mar-11,16-Mar-11
17-Mar-11,17-Mar-11
18-Mar-11,18-Mar-11
19-Mar-11,19-Mar-11
20-Mar-11,20-Mar-11
21-Mar-11,21-Mar-11
22-Mar-11,22-Mar-11
23-Mar-11,23-Mar-11
24-Mar-11,24-Mar-11
25-Mar-11,25-Mar-11
26-Mar-11,26-Mar-11
27-Mar-11,27-Mar-11
28-Mar-11,28-Mar-11
29-Mar-11,29-Mar-11
30-Mar-11,30-Mar-11
31-Mar-11,31-Mar-11
01-Apr-11,01-Apr-11
02-Apr-11,02-Apr-11
03-Apr-11,03-Apr-11
04-Apr-11,04-Apr-11
05-Apr-11,05-Apr-11
06-Apr-11,06-Apr-11
07-Apr-11,07-Apr-11
08-Apr-11,08-Apr-11
09-Apr-11,09-Apr-11
10-Apr-11,10-Apr-11
11-Apr-11,11-Apr-11
12-Apr-11,12-Apr-11
13-Apr-11,13-Apr-11
14-Apr-11,14-Apr-11
15-Apr-11,15-Apr-11
16-Apr-11,16-Apr-11
17-Apr-11,17-Apr-11
18-Apr-11,18-Apr-11
19-Apr-11,19-Apr-11
20-Apr-11,20-Apr-11
21-Apr-11,21-Apr-11
22-Apr-11,22-Apr-11
23-Apr-11,23-Apr-11
24-Apr-11,24-Apr-11
25-Apr-11,25-Apr-11
26-Apr-11,26-Apr-11
27-Apr-11,27-Apr-11
28-Apr-11,28-Apr-11
29-Apr-11,29-Apr-11
30-Apr-11,30-Apr-11
01-May-11,01-May-11
02-May-11,02-May-11
03-May-11,03-May-11
04-May-11,04-May-11
05-May-11,05-May-11
06-May-11,06-May-11
07-May-11,07-May-11
08-May-11,08-May-11
09-May-11,09-May-11
10-May-11,10-May-11
11-May-11,11-May-11
12-May-11,12-May-11
13-May-11,13-May-11
14-May-11,14-May-11
15-May-11,15-May-11
16-May-11,16-May-11
17-May-11,17-May-11
18-May-11,18-May-11
19-May-11,19-May-11
20-May-11,20-May-11
21-May-11,21-May-11
22-May-11,22-May-11
23-May-11,23-May-11
24-May-11,24-May-11
25-May-11,25-May-11
26-May-11,26-May-11
27-May-11,27-May-11
28-May-11,28-May-11
29-May-11,29-May-11
30-May-11,30-May-11
31-May-11,31-May-11
01-Jun-11,01-Jun-11
02-Jun-11,02-Jun-11
03-Jun-11,03-Jun-11
04-Jun-11,04-Jun-11
05-Jun-11,05-Jun-11
06-Jun-11,06-Jun-11
07-Jun-11,07-Jun-11
08-Jun-11,08-Jun-11
09-Jun-11,09-Jun-11
10-Jun-11,10-Jun-11
11-Jun-11,11-Jun-11
12-Jun-11,12-Jun-11
13-Jun-11,13-Jun-11
14-Jun-11,14-Jun-11
15-Jun-11,15-Jun-11
16-Jun-11,16-Jun-11
17-Jun-11,17-Jun-11
18-Jun-11,18-Jun-11
19-Jun-11,19-Jun-11
20-Jun-11,20-Jun-11
21-Jun-11,21-Jun-11
22-Jun-11,22-Jun-11
23-Jun-11,23-Jun-11
24-Jun-11,24-Jun-11
25-Jun-11,25-Jun-11
26-Jun-11,26-Jun-11
27-Jun-11,27-Jun-11
28-Jun-11,28-Jun-11
29-Jun-11,29-Jun-11
30-Jun-11,30-Jun-11
01-Jul-11,01-Jul-11
02-Jul-11,02-Jul-11
03-Jul-11,03-Jul-11
04-Jul-11,04-Jul-11
05-Jul-11,05-Jul-11
06-Jul-11,06-Jul-11
07-Jul-11,07-Jul-11
08-Jul-11,08-Jul-11
09-Jul-11,09-Jul-11
10-Jul-11,10-Jul-11
11-Jul-11,11-Jul-11
12-Jul-11,12-Jul-11
13-Jul-11,13-Jul-11
14-Jul-11,14-Jul-11
15-Jul-11,15-Jul-11
16-Jul-11,16-Jul-11
17-Jul-11,17-Jul-11
18-Jul-11,18-Jul-11
19-Jul-11,19-Jul-11
20-Jul-11,20-Jul-11
21-Jul-11,21-Jul-11
22-Jul-11,22-Jul-11
23-Jul-11,23-Jul-11
24-Jul-11,24-Jul-11
25-Jul-11,25-Jul-11
26-Jul-11,26-Jul-11
27-Jul-11,27-Jul-11
28-Jul-11,28-Jul-11
29-Jul-11,29-Jul-11
30-Jul-11,30-Jul-11
31-Jul-11,31-Jul-11
01-Aug-11,01-Aug-11
02-Aug-11,02-Aug-11
03-Aug-11,03-Aug-11
04-Aug-11,04-Aug-11
05-Aug-11,05-Aug-11
06-Aug-11,06-Aug-11
07-Aug-11,07-Aug-11
08-Aug-11,08-Aug-11
09-Aug-11,09-Aug-11
10-Aug-11,10-Aug-11
11-Aug-11,11-Aug-11
12-Aug-11,12-Aug-11
13-Aug-11,13-Aug-11
14-Aug-11,14-Aug-11
15-Aug-11,15-Aug-11
16-Aug-11,16-Aug-11
17-Aug-11,17-Aug-11
18-Aug-11,18-Aug-11
19-Aug-11,19-Aug-11
20-Aug-11,20-Aug-11
21-Aug-11,21-Aug-11
22-Aug-11,22-Aug-11
23-Aug-11,23-Aug-11
24-Aug-11,24-Aug-11
25-Aug-11,25-Aug-11
26-Aug-11,26-Aug-11
27-Aug-11,27-Aug-11
28-Aug-11,28-Aug-11
29-Aug-11,29-Aug-11
30-Aug-11,30-Aug-11
31-Aug-11,31-Aug-11
01-Sep-11,01-Sep-11
02-Sep-11,02-Sep-11
03-Sep-11,03-Sep-11
04-Sep-11,04-Sep-11
05-Sep-11,05-Sep-11
06-Sep-11,06-Sep-11
07-Sep-11,07-Sep-11
08-Sep-11,08-Sep-11
09-Sep-11,09-Sep-11
10-Sep-11,10-Sep-11
11-Sep-11,11-Sep-11
12-Sep-11,12-Sep-11
13-Sep-11,13-Sep-11
14-Sep-11,14-Sep-11
15-Sep-11,15-Sep-11
16-Sep-11,16-Sep-11
17-Sep-11,17-Sep-11
18-Sep-11,18-Sep-11
19-Sep-11,19-Sep-11
20-Sep-11,20-Sep-11
21-Sep-11,21-Sep-11
22-Sep-11,22-Sep-11
23-Sep-11,23-Sep-11
24-Sep-11,24-Sep-11
25-Sep-11,25-Sep-11
26-Sep-11,26-Sep-11
27-Sep-11,27-Sep-11
28-Sep-11,28-Sep-11
29-Sep-11,29-Sep-11
30-Sep-11,30-Sep-11
01-Oct-11,01-Oct-11
02-Oct-11,02-Oct-11
03-Oct-11,03-Oct-11
04-Oct-11,04-Oct-11
05-Oct-11,05-Oct-11
06-Oct-11,06-Oct-11
07-Oct-11,07-Oct-11
08-Oct-11,08-Oct-11
09-Oct-11,09-Oct-11
10-Oct-11,10-Oct-11
11-Oct-11,11-Oct-11
12-Oct-11,12-Oct-11
13-Oct-11,13-Oct-11
14-Oct-11,14-Oct-11
15-Oct-11,15-Oct-11
16-Oct-11,16-Oct-11
17-Oct-11,17-Oct-11
18-Oct-11,18-Oct-11
19-Oct-11,19-Oct-11
20-Oct-11,20-Oct-11
21-Oct-11,21-Oct-11
22-Oct-11,22-Oct-11
23-Oct-11,23-Oct-11
24-Oct-11,24-Oct-11
25-Oct-11,25-Oct-11
26-Oct-11,26-Oct-11
27-Oct-11,27-Oct-11
28-Oct-11,28-Oct-11
29-Oct-11,29-Oct-11
30-Oct-11,30-Oct-11
31-Oct-11,31-Oct-11
01-Nov-11,01-Nov-11
02-Nov-11,02-Nov-11
03-Nov-11,03-Nov-11
04-Nov-11,04-Nov-11
05-Nov-11,05-Nov-11
06-Nov-11,06-Nov-11
07-Nov-11,07-Nov-11
08-Nov-11,08-Nov-11
09-Nov-11,09-Nov-11
10-Nov-11,10-Nov-11
11-Nov-11,11-Nov-11
12-Nov-11,12-Nov-11
13-Nov-11,13-Nov-11
14-Nov-11,14-Nov-11
15-Nov-11,15-Nov-11
16-Nov-11,16-Nov-11
17-Nov-11,17-Nov-11
18-Nov-11,18-Nov-11
19-Nov-11,19-Nov-11
20-Nov-11,20-Nov-11
21-Nov-11,21-Nov-11
22-Nov-11,22-Nov-11
23-Nov-11,23-Nov-11
24-Nov-11,24-Nov-11
25-Nov-11,25-Nov-11
26-Nov-11,26-Nov-11
27-Nov-11,27-Nov-11
28-Nov-11,28-Nov-11
29-Nov-11,29-Nov-11
30-Nov-11,30-Nov-11
01-Dec-11,01-Dec-11
02-Dec-11,02-Dec-11
03-Dec-11,03-Dec-11
04-Dec-11,04-Dec-11
05-Dec-11,05-Dec-11
06-Dec-11,06-Dec-11
07-Dec-11,07-Dec-11
08-Dec-11,08-Dec-11
09-Dec-11,09-Dec-11
10-Dec-11,10-Dec-11
11-Dec-11,11-Dec-11
12-Dec-11,12-Dec-11
13-Dec-11,13-Dec-11
14-Dec-11,14-Dec-11
15-Dec-11,15-Dec-11
16-Dec-11,16-Dec-11
17-Dec-11,17-Dec-11
18-Dec-11,18-Dec-11
19-Dec-11,19-Dec-11
20-Dec-11,20-Dec-11
21-Dec-11,21-Dec-11
22-Dec-11,22-Dec-11
23-Dec-11,23-Dec-11
24-Dec-11,24-Dec-11
25-Dec-11,25-Dec-11
26-Dec-11,26-Dec-11
27-Dec-11,27-Dec-11
28-Dec-11,28-Dec-11
29-Dec-11,29-Dec-11
30-Dec-11,30-Dec-11
31-Dec-11,31-Dec-11
01-Jan-12,01-Jan-12
02-Jan-12,02-Jan-12
03-Jan-12,03-Jan-12
04-Jan-12,04-Jan-12
05-Jan-12,05-Jan-12
06-Jan-12,06-Jan-12
07-Jan-12,07-Jan-12
08-Jan-12,08-Jan-12
09-Jan-12,09-Jan-12
10-Jan-12,10-Jan-12
11-Jan-12,11-Jan-12
12-Jan-12,12-Jan-12
13-Jan-12,13-Jan-12
14-Jan-12,14-Jan-12
15-Jan-12,15-Jan-12
16-Jan-12,16-Jan-12
17-Jan-12,17-Jan-12
18-Jan-12,18-Jan-12
19-Jan-12,19-Jan-12
20-Jan-12,20-Jan-12
21-Jan-12,21-Jan-12
22-Jan-12,22-Jan-12
23-Jan-12,23-Jan-12
24-Jan-12,24-Jan-12
25-Jan-12,25-Jan-12
26-Jan-12,26-Jan-12
27-Jan-12,27-Jan-12
28-Jan-12,28-Jan-12
29-Jan-12,29-Jan-12
30-Jan-12,30-Jan-12
31-Jan-12,31-Jan-12
01-Feb-12,01-Feb-12
02-Feb-12,02-Feb-12
03-Feb-12,03-Feb-12
04-Feb-12,04-Feb-12
05-Feb-12,05-Feb-12
06-Feb-12,06-Feb-12
07-Feb-12,07-Feb-12
08-Feb-12,08-Feb-12
09-Feb-12,09-Feb-12
10-Feb-12,10-Feb-12
11-Feb-12,11-Feb-12
12-Feb-12,12-Feb-12
13-Feb-12,13-Feb-12
14-Feb-12,14-Feb-12
15-Feb-12,15-Feb-12
16-Feb-12,16-Feb-12
17-Feb-12,17-Feb-12
18-Feb-12,18-Feb-12
19-Feb-12,19-Feb-12
20-Feb-12,20-Feb-12
21-Feb-12,21-Feb-12
22-Feb-12,22-Feb-12
23-Feb-12,23-Feb-12
24-Feb-12,24-Feb-12
25-Feb-12,25-Feb-12
26-Feb-12,26-Feb-12
27-Feb-12,27-Feb-12
28-Feb-12,28-Feb-12
29-Feb-12,29-Feb-12
01-Mar-12,01-Mar-12
02-Mar-12,02-Mar-12
03-Mar-12,03-Mar-12
04-Mar-12,04-Mar-12
05-Mar-12,05-Mar-12
06-Mar-12,06-Mar-12
07-Mar-12,07-Mar-12
08-Mar-12,08-Mar-12
09-Mar-12,09-Mar-12
10-Mar-12,10-Mar-12
11-Mar-12,11-Mar-12
12-Mar-12,12-Mar-12
13-Mar-12,13-Mar-12
14-Mar-12,14-Mar-12
15-Mar-12,15-Mar-12
16-Mar-12,16-Mar-12
17-Mar-12,17-Mar-12
18-Mar-12,18-Mar-12
19-Mar-12,19-Mar-12
20-Mar-12,20-Mar-12
21-Mar-12,21-Mar-12
22-Mar-12,22-Mar-12
23-Mar-12,23-Mar-12
24-Mar-12,24-Mar-12
25-Mar-12,25-Mar-12
26-Mar-12,26-Mar-12
27-Mar-12,27-Mar-12
28-Mar-12,28-Mar-12
29-Mar-12,29-Mar-12
30-Mar-12,30-Mar-12
31-Mar-12,31-Mar-12
01-Apr-12,01-Apr-12
02-Apr-12,02-Apr-12
03-Apr-12,03-Apr-12
04-Apr-12,04-Apr-12
05-Apr-12,05-Apr-12
06-Apr-12,06-Apr-12
07-Apr-12,07-Apr-12
08-Apr-12,08-Apr-12
09-Apr-12,09-Apr-12
10-Apr-12,10-Apr-12
11-Apr-12,11-Apr-12
12-Apr-12,12-Apr-12
13-Apr-12,13-Apr-12
14-Apr-12,14-Apr-12
15-Apr-12,15-Apr-12
16-Apr-12,16-Apr-12
17-Apr-12,17-Apr-12
18-Apr-12,18-Apr-12
19-Apr-12,19-Apr-12
20-Apr-12,20-Apr-12
21-Apr-12,21-Apr-12
22-Apr-12,22-Apr-12
23-Apr-12,23-Apr-12
24-Apr-12,24-Apr-12
25-Apr-12,25-Apr-12
26-Apr-12,26-Apr-12
27-Apr-12,27-Apr-12
28-Apr-12,28-Apr-12
29-Apr-12,29-Apr-12
30-Apr-12,30-Apr-12
01-May-12,01-May-12
02-May-12,02-May-12
03-May-12,03-May-12
04-May-12,04-May-12
05-May-12,05-May-12
06-May-12,06-May-12
07-May-12,07-May-12
08-May-12,08-May-12
09-May-12,09-May-12
10-May-12,10-May-12
11-May-12,11-May-12
12-May-12,12-May-12
13-May-12,13-May-12
14-May-12,14-May-12
15-May-12,15-May-12
16-May-12,16-May-12
17-May-12,17-May-12
18-May-12,18-May-12
19-May-12,19-May-12
20-May-12,20-May-12
21-May-12,21-May-12
22-May-12,22-May-12
23-May-12,23-May-12
24-May-12,24-May-12
25-May-12,25-May-12
26-May-12,26-May-12
27-May-12,27-May-12
28-May-12,28-May-12
29-May-12,29-May-12
30-May-12,30-May-12
31-May-12,31-May-12
01-Jun-12,01-Jun-12
02-Jun-12,02-Jun-12
03-Jun-12,03-Jun-12
04-Jun-12,04-Jun-12
05-Jun-12,05-Jun-12
06-Jun-12,06-Jun-12
07-Jun-12,07-Jun-12
08-Jun-12,08-Jun-12
09-Jun-12,09-Jun-12
10-Jun-12,10-Jun-12
11-Jun-12,11-Jun-12
12-Jun-12,12-Jun-12
13-Jun-12,13-Jun-12
14-Jun-12,14-Jun-12
15-Jun-12,15-Jun-12
16-Jun-12,16-Jun-12
17-Jun-12,17-Jun-12
18-Jun-12,18-Jun-12
19-Jun-12,19-Jun-12
20-Jun-12,20-Jun-12
21-Jun-12,21-Jun-12
22-Jun-12,22-Jun-12
23-Jun-12,23-Jun-12
24-Jun-12,24-Jun-12
25-Jun-12,25-Jun-12
26-Jun-12,26-Jun-12
27-Jun-12,27-Jun-12
28-Jun-12,28-Jun-12
29-Jun-12,29-Jun-12
30-Jun-12,30-Jun-12
01-Jul-12,01-Jul-12
02-Jul-12,02-Jul-12
03-Jul-12,03-Jul-12
04-Jul-12,04-Jul-12
05-Jul-12,05-Jul-12
06-Jul-12,06-Jul-12
07-Jul-12,07-Jul-12
08-Jul-12,08-Jul-12
09-Jul-12,09-Jul-12
10-Jul-12,10-Jul-12
11-Jul-12,11-Jul-12
12-Jul-12,12-Jul-12
13-Jul-12,13-Jul-12
14-Jul-12,14-Jul-12
15-Jul-12,15-Jul-12
16-Jul-12,16-Jul-12
17-Jul-12,17-Jul-12
18-Jul-12,18-Jul-12
19-Jul-12,19-Jul-12
20-Jul-12,20-Jul-12
21-Jul-12,21-Jul-12
22-Jul-12,22-Jul-12
23-Jul-12,23-Jul-12
24-Jul-12,24-Jul-12
25-Jul-12,25-Jul-12
26-Jul-12,26-Jul-12
27-Jul-12,27-Jul-12
28-Jul-12,28-Jul-12
29-Jul-12,29-Jul-12
30-Jul-12,30-Jul-12
31-Jul-12,31-Jul-12
01-Aug-12,01-Aug-12
02-Aug-12,02-Aug-12
03-Aug-12,03-Aug-12
04-Aug-12,04-Aug-12
05-Aug-12,05-Aug-12
06-Aug-12,06-Aug-12
07-Aug-12,07-Aug-12
08-Aug-12,08-Aug-12
09-Aug-12,09-Aug-12
10-Aug-12,10-Aug-12
11-Aug-12,11-Aug-12
12-Aug-12,12-Aug-12
13-Aug-12,13-Aug-12
14-Aug-12,14-Aug-12
15-Aug-12,15-Aug-12
16-Aug-12,16-Aug-12
17-Aug-12,17-Aug-12
18-Aug-12,18-Aug-12
19-Aug-12,19-Aug-12
20-Aug-12,20-Aug-12
21-Aug-12,21-Aug-12
22-Aug-12,22-Aug-12
23-Aug-12,23-Aug-12
24-Aug-12,24-Aug-12
25-Aug-12,25-Aug-12
26-Aug-12,26-Aug-12
27-Aug-12,27-Aug-12
28-Aug-12,28-Aug-12
29-Aug-12,29-Aug-12
30-Aug-12,30-Aug-12
31-Aug-12,31-Aug-12
01-Sep-12,01-Sep-12
02-Sep-12,02-Sep-12
03-Sep-12,03-Sep-12
04-Sep-12,04-Sep-12
05-Sep-12,05-Sep-12
06-Sep-12,06-Sep-12
07-Sep-12,07-Sep-12
08-Sep-12,08-Sep-12
09-Sep-12,09-Sep-12
10-Sep-12,10-Sep-12
11-Sep-12,11-Sep-12
12-Sep-12,12-Sep-12
13-Sep-12,13-Sep-12
14-Sep-12,14-Sep-12
15-Sep-12,15-Sep-12
16-Sep-12,16-Sep-12
17-Sep-12,17-Sep-12
18-Sep-12,18-Sep-12
19-Sep-12,19-Sep-12
20-Sep-12,20-Sep-12
21-Sep-12,21-Sep-12
22-Sep-12,22-Sep-12
23-Sep-12,23-Sep-12
24-Sep-12,24-Sep-12
25-Sep-12,25-Sep-12
26-Sep-12,26-Sep-12
27-Sep-12,27-Sep-12
28-Sep-12,28-Sep-12
29-Sep-12,29-Sep-12
30-Sep-12,30-Sep-12
01-Oct-12,01-Oct-12
02-Oct-12,02-Oct-12
03-Oct-12,03-Oct-12
04-Oct-12,04-Oct-12
05-Oct-12,05-Oct-12
06-Oct-12,06-Oct-12
07-Oct-12,07-Oct-12
08-Oct-12,08-Oct-12
09-Oct-12,09-Oct-12
10-Oct-12,10-Oct-12
11-Oct-12,11-Oct-12
12-Oct-12,12-Oct-12
13-Oct-12,13-Oct-12
14-Oct-12,14-Oct-12
15-Oct-12,15-Oct-12
16-Oct-12,16-Oct-12
17-Oct-12,17-Oct-12
18-Oct-12,18-Oct-12
19-Oct-12,19-Oct-12
20-Oct-12,20-Oct-12
21-Oct-12,21-Oct-12
22-Oct-12,22-Oct-12
23-Oct-12,23-Oct-12
24-Oct-12,24-Oct-12
25-Oct-12,25-Oct-12
26-Oct-12,26-Oct-12
27-Oct-12,27-Oct-12
28-Oct-12,28-Oct-12
29-Oct-12,29-Oct-12
30-Oct-12,30-Oct-12
31-Oct-12,31-Oct-12
01-Nov-12,01-Nov-12
02-Nov-12,02-Nov-12
03-Nov-12,03-Nov-12
04-Nov-12,04-Nov-12
05-Nov-12,05-Nov-12
06-Nov-12,06-Nov-12
07-Nov-12,07-Nov-12
08-Nov-12,08-Nov-12
09-Nov-12,09-Nov-12
10-Nov-12,10-Nov-12
11-Nov-12,11-Nov-12
12-Nov-12,12-Nov-12
13-Nov-12,13-Nov-12
14-Nov-12,14-Nov-12
15-Nov-12,15-Nov-12
16-Nov-12,16-Nov-12
17-Nov-12,17-Nov-12
18-Nov-12,18-Nov-12
19-Nov-12,19-Nov-12
20-Nov-12,20-Nov-12
21-Nov-12,21-Nov-12
22-Nov-12,22-Nov-12
23-Nov-12,23-Nov-12
24-Nov-12,24-Nov-12
25-Nov-12,25-Nov-12
26-Nov-12,26-Nov-12
27-Nov-12,27-Nov-12
28-Nov-12,28-Nov-12
29-Nov-12,29-Nov-12
30-Nov-12,30-Nov-12
01-Dec-12,01-Dec-12
02-Dec-12,02-Dec-12
03-Dec-12,03-Dec-12
04-Dec-12,04-Dec-12
05-Dec-12,05-Dec-12
06-Dec-12,06-Dec-12
07-Dec-12,07-Dec-12
08-Dec-12,08-Dec-12
09-Dec-12,09-Dec-12
10-Dec-12,10-Dec-12
11-Dec-12,11-Dec-12
12-Dec-12,12-Dec-12
13-Dec-12,13-Dec-12
14-Dec-12,14-Dec-12
15-Dec-12,15-Dec-12
16-Dec-12,16-Dec-12
17-Dec-12,17-Dec-12
18-Dec-12,18-Dec-12
19-Dec-12,19-Dec-12
20-Dec-12,20-Dec-12
21-Dec-12,21-Dec-12
22-Dec-12,22-Dec-12
23-Dec-12,23-Dec-12
24-Dec-12,24-Dec-12
25-Dec-12,25-Dec-12
26-Dec-12,26-Dec-12
27-Dec-12,27-Dec-12
28-Dec-12,28-Dec-12
29-Dec-12,29-Dec-12
30-Dec-12,30-Dec-12
31-Dec-12,31-Dec-12
01-Jan-13,01-Jan-13
02-Jan-13,02-Jan-13
03-Jan-13,03-Jan-13
04-Jan-13,04-Jan-13
05-Jan-13,05-Jan-13
06-Jan-13,06-Jan-13
07-Jan-13,07-Jan-13
08-Jan-13,08-Jan-13
09-Jan-13,09-Jan-13
10-Jan-13,10-Jan-13
11-Jan-13,11-Jan-13
12-Jan-13,12-Jan-13
13-Jan-13,13-Jan-13
14-Jan-13,14-Jan-13
15-Jan-13,15-Jan-13
16-Jan-13,16-Jan-13
17-Jan-13,17-Jan-13
18-Jan-13,18-Jan-13
19-Jan-13,19-Jan-13
20-Jan-13,20-Jan-13
21-Jan-13,21-Jan-13
22-Jan-13,22-Jan-13
23-Jan-13,23-Jan-13
24-Jan-13,24-Jan-13
25-Jan-13,25-Jan-13
26-Jan-13,26-Jan-13
27-Jan-13,27-Jan-13
28-Jan-13,28-Jan-13
29-Jan-13,29-Jan-13
30-Jan-13,30-Jan-13
31-Jan-13,31-Jan-13
01-Feb-13,01-Feb-13
02-Feb-13,02-Feb-13
03-Feb-13,03-Feb-13
04-Feb-13,04-Feb-13
05-Feb-13,05-Feb-13
06-Feb-13,06-Feb-13
07-Feb-13,07-Feb-13
08-Feb-13,08-Feb-13
09-Feb-13,09-Feb-13
10-Feb-13,10-Feb-13
11-Feb-13,11-Feb-13
12-Feb-13,12-Feb-13
13-Feb-13,13-Feb-13
14-Feb-13,14-Feb-13
15-Feb-13,15-Feb-13
16-Feb-13,16-Feb-13
17-Feb-13,17-Feb-13
18-Feb-13,18-Feb-13
19-Feb-13,19-Feb-13
20-Feb-13,20-Feb-13
21-Feb-13,21-Feb-13
22-Feb-13,22-Feb-13
23-Feb-13,23-Feb-13
24-Feb-13,24-Feb-13
25-Feb-13,25-Feb-13
26-Feb-13,26-Feb-13
27-Feb-13,27-Feb-13
28-Feb-13,28-Feb-13
01-Mar-13,01-Mar-13
02-Mar-13,02-Mar-13
03-Mar-13,03-Mar-13
04-Mar-13,04-Mar-13
05-Mar-13,05-Mar-13
06-Mar-13,06-Mar-13
07-Mar-13,07-Mar-13
08-Mar-13,08-Mar-13
09-Mar-13,09-Mar-13
10-Mar-13,10-Mar-13
11-Mar-13,11-Mar-13
12-Mar-13,12-Mar-13
13-Mar-13,13-Mar-13
14-Mar-13,14-Mar-13
15-Mar-13,15-Mar-13
16-Mar-13,16-Mar-13
17-Mar-13,17-Mar-13
18-Mar-13,18-Mar-13
19-Mar-13,19-Mar-13
20-Mar-13,20-Mar-13
21-Mar-13,21-Mar-13
22-Mar-13,22-Mar-13
23-Mar-13,23-Mar-13
24-Mar-13,24-Mar-13
25-Mar-13,25-Mar-13
26-Mar-13,26-Mar-13
27-Mar-13,27-Mar-13
28-Mar-13,28-Mar-13
29-Mar-13,29-Mar-13
30-Mar-13,30-Mar-13
31-Mar-13,31-Mar-13
01-Apr-13,01-Apr-13
02-Apr-13,02-Apr-13
03-Apr-13,03-Apr-13
04-Apr-13,04-Apr-13
05-Apr-13,05-Apr-13
06-Apr-13,06-Apr-13
07-Apr-13,07-Apr-13
08-Apr-13,08-Apr-13
09-Apr-13,09-Apr-13
10-Apr-13,10-Apr-13
11-Apr-13,11-Apr-13
12-Apr-13,12-Apr-13
13-Apr-13,13-Apr-13
14-Apr-13,14-Apr-13
15-Apr-13,15-Apr-13
16-Apr-13,16-Apr-13
17-Apr-13,17-Apr-13
18-Apr-13,18-Apr-13
19-Apr-13,19-Apr-13
20-Apr-13,20-Apr-13
21-Apr-13,21-Apr-13
22-Apr-13,22-Apr-13
23-Apr-13,23-Apr-13
24-Apr-13,24-Apr-13
25-Apr-13,25-Apr-13
26-Apr-13,26-Apr-13
27-Apr-13,27-Apr-13
28-Apr-13,28-Apr-13
29-Apr-13,29-Apr-13
30-Apr-13,30-Apr-13
01-May-13,01-May-13
02-May-13,02-May-13
03-May-13,03-May-13
04-May-13,04-May-13
05-May-13,05-May-13
06-May-13,06-May-13
07-May-13,07-May-13
08-May-13,08-May-13
09-May-13,09-May-13
10-May-13,10-May-13
11-May-13,11-May-13
12-May-13,12-May-13
13-May-13,13-May-13
14-May-13,14-May-13
15-May-13,15-May-13
16-May-13,16-May-13
17-May-13,17-May-13
18-May-13,18-May-13
19-May-13,19-May-13
20-May-13,20-May-13
21-May-13,21-May-13
22-May-13,22-May-13
23-May-13,23-May-13
24-May-13,24-May-13
25-May-13,25-May-13
26-May-13,26-May-13
27-May-13,27-May-13
28-May-13,28-May-13
29-May-13,29-May-13
30-May-13,30-May-13
31-May-13,31-May-13
01-Jun-13,01-Jun-13
02-Jun-13,02-Jun-13
03-Jun-13,03-Jun-13
04-Jun-13,04-Jun-13
05-Jun-13,05-Jun-13
06-Jun-13,06-Jun-13
07-Jun-13,07-Jun-13
08-Jun-13,08-Jun-13
09-Jun-13,09-Jun-13
10-Jun-13,10-Jun-13
11-Jun-13,11-Jun-13
12-Jun-13,12-Jun-13
13-Jun-13,13-Jun-13
14-Jun-13,14-Jun-13
15-Jun-13,15-Jun-13
16-Jun-13,16-Jun-13
17-Jun-13,17-Jun-13
18-Jun-13,18-Jun-13
19-Jun-13,19-Jun-13
20-Jun-13,20-Jun-13
21-Jun-13,21-Jun-13
22-Jun-13,22-Jun-13
23-Jun-13,23-Jun-13
24-Jun-13,24-Jun-13
25-Jun-13,25-Jun-13
26-Jun-13,26-Jun-13
27-Jun-13,27-Jun-13
28-Jun-13,28-Jun-13
29-Jun-13,29-Jun-13
30-Jun-13,30-Jun-13
01-Jul-13,01-Jul-13
02-Jul-13,02-Jul-13
03-Jul-13,03-Jul-13
04-Jul-13,04-Jul-13
05-Jul-13,05-Jul-13
06-Jul-13,06-Jul-13
07-Jul-13,07-Jul-13
08-Jul-13,08-Jul-13
09-Jul-13,09-Jul-13
10-Jul-13,10-Jul-13
11-Jul-13,11-Jul-13
12-Jul-13,12-Jul-13
13-Jul-13,13-Jul-13
14-Jul-13,14-Jul-13
15-Jul-13,15-Jul-13
16-Jul-13,16-Jul-13
17-Jul-13,17-Jul-13
18-Jul-13,18-Jul-13
19-Jul-13,19-Jul-13
20-Jul-13,20-Jul-13
21-Jul-13,21-Jul-13
22-Jul-13,22-Jul-13
23-Jul-13,23-Jul-13
24-Jul-13,24-Jul-13
25-Jul-13,25-Jul-13
26-Jul-13,26-Jul-13
27-Jul-13,27-Jul-13
28-Jul-13,28-Jul-13
29-Jul-13,29-Jul-13
30-Jul-13,30-Jul-13
31-Jul-13,31-Jul-13
01-Aug-13,01-Aug-13
02-Aug-13,02-Aug-13
03-Aug-13,03-Aug-13
04-Aug-13,04-Aug-13
05-Aug-13,05-Aug-13
06-Aug-13,06-Aug-13
07-Aug-13,07-Aug-13
08-Aug-13,08-Aug-13
09-Aug-13,09-Aug-13
10-Aug-13,10-Aug-13
11-Aug-13,11-Aug-13
12-Aug-13,12-Aug-13
13-Aug-13,13-Aug-13
14-Aug-13,14-Aug-13
15-Aug-13,15-Aug-13
16-Aug-13,16-Aug-13
17-Aug-13,17-Aug-13
18-Aug-13,18-Aug-13
19-Aug-13,19-Aug-13
20-Aug-13,20-Aug-13
21-Aug-13,21-Aug-13
22-Aug-13,22-Aug-13
23-Aug-13,23-Aug-13
24-Aug-13,24-Aug-13
25-Aug-13,25-Aug-13
26-Aug-13,26-Aug-13
27-Aug-13,27-Aug-13
28-Aug-13,28-Aug-13
29-Aug-13,29-Aug-13
30-Aug-13,30-Aug-13
31-Aug-13,31-Aug-13
01-Sep-13,01-Sep-13
02-Sep-13,02-Sep-13
03-Sep-13,03-Sep-13
04-Sep-13,04-Sep-13
05-Sep-13,05-Sep-13
06-Sep-13,06-Sep-13
07-Sep-13,07-Sep-13
08-Sep-13,08-Sep-13
09-Sep-13,09-Sep-13
10-Sep-13,10-Sep-13
11-Sep-13,11-Sep-13
12-Sep-13,12-Sep-13
13-Sep-13,13-Sep-13
14-Sep-13,14-Sep-13
15-Sep-13,15-Sep-13
16-Sep-13,16-Sep-13
17-Sep-13,17-Sep-13
18-Sep-13,18-Sep-13
19-Sep-13,19-Sep-13
20-Sep-13,20-Sep-13
21-Sep-13,21-Sep-13
22-Sep-13,22-Sep-13
23-Sep-13,23-Sep-13
24-Sep-13,24-Sep-13
25-Sep-13,25-Sep-13
26-Sep-13,26-Sep-13
27-Sep-13,27-Sep-13
28-Sep-13,28-Sep-13
29-Sep-13,29-Sep-13
30-Sep-13,30-Sep-13
01-Oct-13,01-Oct-13
02-Oct-13,02-Oct-13
03-Oct-13,03-Oct-13
04-Oct-13,04-Oct-13
05-Oct-13,05-Oct-13
06-Oct-13,06-Oct-13
07-Oct-13,07-Oct-13
08-Oct-13,08-Oct-13
09-Oct-13,09-Oct-13
10-Oct-13,10-Oct-13
11-Oct-13,11-Oct-13
12-Oct-13,12-Oct-13
13-Oct-13,13-Oct-13
14-Oct-13,14-Oct-13
15-Oct-13,15-Oct-13
16-Oct-13,16-Oct-13
17-Oct-13,17-Oct-13
18-Oct-13,18-Oct-13
19-Oct-13,19-Oct-13
20-Oct-13,20-Oct-13
21-Oct-13,21-Oct-13
22-Oct-13,22-Oct-13
23-Oct-13,23-Oct-13
24-Oct-13,24-Oct-13
25-Oct-13,25-Oct-13
26-Oct-13,26-Oct-13
27-Oct-13,27-Oct-13
28-Oct-13,28-Oct-13
29-Oct-13,29-Oct-13
30-Oct-13,30-Oct-13
31-Oct-13,31-Oct-13
01-Nov-13,01-Nov-13
02-Nov-13,02-Nov-13
03-Nov-13,03-Nov-13
04-Nov-13,04-Nov-13
05-Nov-13,05-Nov-13
06-Nov-13,06-Nov-13
07-Nov-13,07-Nov-13
08-Nov-13,08-Nov-13
09-Nov-13,09-Nov-13
10-Nov-13,10-Nov-13
11-Nov-13,11-Nov-13
12-Nov-13,12-Nov-13
13-Nov-13,13-Nov-13
14-Nov-13,14-Nov-13
15-Nov-13,15-Nov-13
16-Nov-13,16-Nov-13
17-Nov-13,17-Nov-13
18-Nov-13,18-Nov-13
19-Nov-13,19-Nov-13
20-Nov-13,20-Nov-13
21-Nov-13,21-Nov-13
22-Nov-13,22-Nov-13
23-Nov-13,23-Nov-13
24-Nov-13,24-Nov-13
25-Nov-13,25-Nov-13
26-Nov-13,26-Nov-13
27-Nov-13,27-Nov-13
28-Nov-13,28-Nov-13
29-Nov-13,29-Nov-13
30-Nov-13,30-Nov-13
01-Dec-13,01-Dec-13
02-Dec-13,02-Dec-13
03-Dec-13,03-Dec-13
04-Dec-13,04-Dec-13
05-Dec-13,05-Dec-13
06-Dec-13,06-Dec-13
07-Dec-13,07-Dec-13
08-Dec-13,08-Dec-13
09-Dec-13,09-Dec-13
10-Dec-13,10-Dec-13
11-Dec-13,11-Dec-13
12-Dec-13,12-Dec-13
13-Dec-13,13-Dec-13
14-Dec-13,14-Dec-13
15-Dec-13,15-Dec-13
16-Dec-13,16-Dec-13
17-Dec-13,17-Dec-13
18-Dec-13,18-Dec-13
19-Dec-13,19-Dec-13
20-Dec-13,20-Dec-13
21-Dec-13,21-Dec-13
22-Dec-13,22-Dec-13
23-Dec-13,23-Dec-13
24-Dec-13,24-Dec-13
25-Dec-13,25-Dec-13
26-Dec-13,26-Dec-13
27-Dec-13,27-Dec-13
28-Dec-13,28-Dec-13
29-Dec-13,29-Dec-13
30-Dec-13,30-Dec-13
31-Dec-13,31-Dec-13
01-Jan-14,01-Jan-14
02-Jan-14,02-Jan-14
03-Jan-14,03-Jan-14
04-Jan-14,04-Jan-14
05-Jan-14,05-Jan-14
06-Jan-14,06-Jan-14
07-Jan-14,07-Jan-14
08-Jan-14,08-Jan-14
09-Jan-14,09-Jan-14
10-Jan-14,10-Jan-14
11-Jan-14,11-Jan-14
12-Jan-14,12-Jan-14
13-Jan-14,13-Jan-14
14-Jan-14,14-Jan-14
15-Jan-14,15-Jan-14
16-Jan-14,16-Jan-14
17-Jan-14,17-Jan-14
18-Jan-14,18-Jan-14
19-Jan-14,19-Jan-14
20-Jan-14,20-Jan-14
21-Jan-14,21-Jan-14
22-Jan-14,22-Jan-14
23-Jan-14,23-Jan-14
24-Jan-14,24-Jan-14
25-Jan-14,25-Jan-14
26-Jan-14,26-Jan-14
27-Jan-14,27-Jan-14
28-Jan-14,28-Jan-14
29-Jan-14,29-Jan-14
30-Jan-14,30-Jan-14
31-Jan-14,31-Jan-14
01-Feb-14,01-Feb-14
02-Feb-14,02-Feb-14
03-Feb-14,03-Feb-14
04-Feb-14,04-Feb-14
05-Feb-14,05-Feb-14
06-Feb-14,06-Feb-14
07-Feb-14,07-Feb-14
08-Feb-14,08-Feb-14
09-Feb-14,09-Feb-14
10-Feb-14,10-Feb-14
11-Feb-14,11-Feb-14
12-Feb-14,12-Feb-14
13-Feb-14,13-Feb-14
14-Feb-14,14-Feb-14
15-Feb-14,15-Feb-14
16-Feb-14,16-Feb-14
17-Feb-14,17-Feb-14
18-Feb-14,18-Feb-14
19-Feb-14,19-Feb-14
20-Feb-14,20-Feb-14
21-Feb-14,21-Feb-14
22-Feb-14,22-Feb-14
23-Feb-14,23-Feb-14
24-Feb-14,24-Feb-14
25-Feb-14,25-Feb-14
26-Feb-14,26-Feb-14
27-Feb-14,27-Feb-14
28-Feb-14,28-Feb-14
01-Mar-14,01-Mar-14
02-Mar-14,02-Mar-14
03-Mar-14,03-Mar-14
04-Mar-14,04-Mar-14
05-Mar-14,05-Mar-14
06-Mar-14,06-Mar-14
07-Mar-14,07-Mar-14
08-Mar-14,08-Mar-14
09-Mar-14,09-Mar-14
10-Mar-14,10-Mar-14
11-Mar-14,11-Mar-14
12-Mar-14,12-Mar-14
13-Mar-14,13-Mar-14
14-Mar-14,14-Mar-14
15-Mar-14,15-Mar-14
16-Mar-14,16-Mar-14
17-Mar-14,17-Mar-14
18-Mar-14,18-Mar-14
19-Mar-14,19-Mar-14
20-Mar-14,20-Mar-14
21-Mar-14,21-Mar-14
22-Mar-14,22-Mar-14
23-Mar-14,23-Mar-14
24-Mar-14,24-Mar-14
25-Mar-14,25-Mar-14
26-Mar-14,26-Mar-14
27-Mar-14,27-Mar-14
28-Mar-14,28-Mar-14
29-Mar-14,29-Mar-14
30-Mar-14,30-Mar-14
31-Mar-14,31-Mar-14
01-Apr-14,01-Apr-14
02-Apr-14,02-Apr-14
03-Apr-14,03-Apr-14
04-Apr-14,04-Apr-14
05-Apr-14,05-Apr-14
06-Apr-14,06-Apr-14
07-Apr-14,07-Apr-14
08-Apr-14,08-Apr-14
09-Apr-14,09-Apr-14
10-Apr-14,10-Apr-14
11-Apr-14,11-Apr-14
12-Apr-14,12-Apr-14
13-Apr-14,13-Apr-14
14-Apr-14,14-Apr-14
15-Apr-14,15-Apr-14
16-Apr-14,16-Apr-14
17-Apr-14,17-Apr-14
18-Apr-14,18-Apr-14
19-Apr-14,19-Apr-14
20-Apr-14,20-Apr-14
21-Apr-14,21-Apr-14
22-Apr-14,22-Apr-14
23-Apr-14,23-Apr-14
24-Apr-14,24-Apr-14
25-Apr-14,25-Apr-14
26-Apr-14,26-Apr-14
27-Apr-14,27-Apr-14
28-Apr-14,28-Apr-14
29-Apr-14,29-Apr-14
30-Apr-14,30-Apr-14
01-May-14,01-May-14
02-May-14,02-May-14
03-May-14,03-May-14
04-May-14,04-May-14
05-May-14,05-May-14
06-May-14,06-May-14
07-May-14,07-May-14
08-May-14,08-May-14
09-May-14,09-May-14
10-May-14,10-May-14
11-May-14,11-May-14
12-May-14,12-May-14
13-May-14,13-May-14
14-May-14,14-May-14
15-May-14,15-May-14
16-May-14,16-May-14
17-May-14,17-May-14
18-May-14,18-May-14
19-May-14,19-May-14
20-May-14,20-May-14
21-May-14,21-May-14
22-May-14,22-May-14
23-May-14,23-May-14
24-May-14,24-May-14
25-May-14,25-May-14
26-May-14,26-May-14
27-May-14,27-May-14
28-May-14,28-May-14
29-May-14,29-May-14
30-May-14,30-May-14
31-May-14,31-May-14
01-Jun-14,01-Jun-14
02-Jun-14,02-Jun-14
03-Jun-14,03-Jun-14
04-Jun-14,04-Jun-14
05-Jun-14,05-Jun-14
06-Jun-14,06-Jun-14
07-Jun-14,07-Jun-14
08-Jun-14,08-Jun-14
09-Jun-14,09-Jun-14
10-Jun-14,10-Jun-14
11-Jun-14,11-Jun-14
12-Jun-14,12-Jun-14
13-Jun-14,13-Jun-14
14-Jun-14,14-Jun-14
15-Jun-14,15-Jun-14
16-Jun-14,16-Jun-14
17-Jun-14,17-Jun-14
18-Jun-14,18-Jun-14
19-Jun-14,19-Jun-14
20-Jun-14,20-Jun-14
21-Jun-14,21-Jun-14
22-Jun-14,22-Jun-14
23-Jun-14,23-Jun-14
24-Jun-14,24-Jun-14
25-Jun-14,25-Jun-14
26-Jun-14,26-Jun-14
27-Jun-14,27-Jun-14
28-Jun-14,28-Jun-14
29-Jun-14,29-Jun-14
30-Jun-14,30-Jun-14
01-Jul-14,01-Jul-14
02-Jul-14,02-Jul-14
03-Jul-14,03-Jul-14
04-Jul-14,04-Jul-14
05-Jul-14,05-Jul-14
06-Jul-14,06-Jul-14
07-Jul-14,07-Jul-14
08-Jul-14,08-Jul-14
09-Jul-14,09-Jul-14
10-Jul-14,10-Jul-14
11-Jul-14,11-Jul-14
12-Jul-14,12-Jul-14
13-Jul-14,13-Jul-14
14-Jul-14,14-Jul-14
15-Jul-14,15-Jul-14
16-Jul-14,16-Jul-14
17-Jul-14,17-Jul-14
18-Jul-14,18-Jul-14
19-Jul-14,19-Jul-14
20-Jul-14,20-Jul-14
21-Jul-14,21-Jul-14
22-Jul-14,22-Jul-14
23-Jul-14,23-Jul-14
24-Jul-14,24-Jul-14
25-Jul-14,25-Jul-14
26-Jul-14,26-Jul-14
27-Jul-14,27-Jul-14
28-Jul-14,28-Jul-14
29-Jul-14,29-Jul-14
30-Jul-14,30-Jul-14
31-Jul-14,31-Jul-14
01-Aug-14,01-Aug-14
02-Aug-14,02-Aug-14
03-Aug-14,03-Aug-14
04-Aug-14,04-Aug-14
05-Aug-14,05-Aug-14
06-Aug-14,06-Aug-14
07-Aug-14,07-Aug-14
08-Aug-14,08-Aug-14
09-Aug-14,09-Aug-14
10-Aug-14,10-Aug-14
11-Aug-14,11-Aug-14
12-Aug-14,12-Aug-14
13-Aug-14,13-Aug-14
14-Aug-14,14-Aug-14
15-Aug-14,15-Aug-14
16-Aug-14,16-Aug-14
17-Aug-14,17-Aug-14
18-Aug-14,18-Aug-14
19-Aug-14,19-Aug-14
20-Aug-14,20-Aug-14
21-Aug-14,21-Aug-14
22-Aug-14,22-Aug-14
23-Aug-14,23-Aug-14
24-Aug-14,24-Aug-14
25-Aug-14,25-Aug-14
26-Aug-14,26-Aug-14
27-Aug-14,27-Aug-14
28-Aug-14,28-Aug-14
29-Aug-14,29-Aug-14
30-Aug-14,30-Aug-14
31-Aug-14,31-Aug-14
01-Sep-14,01-Sep-14
02-Sep-14,02-Sep-14
03-Sep-14,03-Sep-14
04-Sep-14,04-Sep-14
05-Sep-14,05-Sep-14
06-Sep-14,06-Sep-14
07-Sep-14,07-Sep-14
08-Sep-14,08-Sep-14
09-Sep-14,09-Sep-14
10-Sep-14,10-Sep-14
11-Sep-14,11-Sep-14
12-Sep-14,12-Sep-14
13-Sep-14,13-Sep-14
14-Sep-14,14-Sep-14
15-Sep-14,15-Sep-14
16-Sep-14,16-Sep-14
17-Sep-14,17-Sep-14
18-Sep-14,18-Sep-14
19-Sep-14,19-Sep-14
20-Sep-14,20-Sep-14
21-Sep-14,21-Sep-14
22-Sep-14,22-Sep-14
23-Sep-14,23-Sep-14
24-Sep-14,24-Sep-14
25-Sep-14,25-Sep-14
26-Sep-14,26-Sep-14
27-Sep-14,27-Sep-14
28-Sep-14,28-Sep-14
29-Sep-14,29-Sep-14
30-Sep-14,30-Sep-14
01-Oct-14,01-Oct-14
02-Oct-14,02-Oct-14
03-Oct-14,03-Oct-14
04-Oct-14,04-Oct-14
05-Oct-14,05-Oct-14
06-Oct-14,06-Oct-14
07-Oct-14,07-Oct-14
08-Oct-14,08-Oct-14
09-Oct-14,09-Oct-14
10-Oct-14,10-Oct-14
11-Oct-14,11-Oct-14
12-Oct-14,12-Oct-14
13-Oct-14,13-Oct-14
14-Oct-14,14-Oct-14
15-Oct-14,15-Oct-14
16-Oct-14,16-Oct-14
17-Oct-14,17-Oct-14
18-Oct-14,18-Oct-14
19-Oct-14,19-Oct-14
20-Oct-14,20-Oct-14
21-Oct-14,21-Oct-14
22-Oct-14,22-Oct-14
23-Oct-14,23-Oct-14
24-Oct-14,24-Oct-14
25-Oct-14,25-Oct-14
26-Oct-14,26-Oct-14
27-Oct-14,27-Oct-14
28-Oct-14,28-Oct-14
29-Oct-14,29-Oct-14
30-Oct-14,30-Oct-14
31-Oct-14,31-Oct-14
01-Nov-14,01-Nov-14
02-Nov-14,02-Nov-14
03-Nov-14,03-Nov-14
04-Nov-14,04-Nov-14
05-Nov-14,05-Nov-14
06-Nov-14,06-Nov-14
07-Nov-14,07-Nov-14
08-Nov-14,08-Nov-14
09-Nov-14,09-Nov-14
10-Nov-14,10-Nov-14
11-Nov-14,11-Nov-14
12-Nov-14,12-Nov-14
13-Nov-14,13-Nov-14
14-Nov-14,14-Nov-14
15-Nov-14,15-Nov-14
16-Nov-14,16-Nov-14
17-Nov-14,17-Nov-14
18-Nov-14,18-Nov-14
19-Nov-14,19-Nov-14
20-Nov-14,20-Nov-14
21-Nov-14,21-Nov-14
22-Nov-14,22-Nov-14
23-Nov-14,23-Nov-14
24-Nov-14,24-Nov-14
25-Nov-14,25-Nov-14
26-Nov-14,26-Nov-14
27-Nov-14,27-Nov-14
28-Nov-14,28-Nov-14
29-Nov-14,29-Nov-14
30-Nov-14,30-Nov-14
01-Dec-14,01-Dec-14
02-Dec-14,02-Dec-14
03-Dec-14,03-Dec-14
04-Dec-14,04-Dec-14
05-Dec-14,05-Dec-14
06-Dec-14,06-Dec-14
07-Dec-14,07-Dec-14
08-Dec-14,08-Dec-14
09-Dec-14,09-Dec-14
10-Dec-14,10-Dec-14
11-Dec-14,11-Dec-14
12-Dec-14,12-Dec-14
13-Dec-14,13-Dec-14
14-Dec-14,14-Dec-14
15-Dec-14,15-Dec-14
16-Dec-14,16-Dec-14
17-Dec-14,17-Dec-14
18-Dec-14,18-Dec-14
19-Dec-14,19-Dec-14
20-Dec-14,20-Dec-14
21-Dec-14,21-Dec-14
22-Dec-14,22-Dec-14
23-Dec-14,23-Dec-14
24-Dec-14,24-Dec-14
25-Dec-14,25-Dec-14
26-Dec-14,26-Dec-14
27-Dec-14,27-Dec-14
28-Dec-14,28-Dec-14
29-Dec-14,29-Dec-14
30-Dec-14,30-Dec-14
31-Dec-14,31-Dec-14
01-Jan-15,01-Jan-15
02-Jan-15,02-Jan-15
03-Jan-15,03-Jan-15
04-Jan-15,04-Jan-15
05-Jan-15,05-Jan-15
06-Jan-15,06-Jan-15
07-Jan-15,07-Jan-15
08-Jan-15,08-Jan-15
09-Jan-15,09-Jan-15
10-Jan-15,10-Jan-15
11-Jan-15,11-Jan-15
12-Jan-15,12-Jan-15
13-Jan-15,13-Jan-15
14-Jan-15,14-Jan-15
15-Jan-15,15-Jan-15
16-Jan-15,16-Jan-15
17-Jan-15,17-Jan-15
18-Jan-15,18-Jan-15
19-Jan-15,19-Jan-15
20-Jan-15,20-Jan-15
21-Jan-15,21-Jan-15
22-Jan-15,22-Jan-15
23-Jan-15,23-Jan-15
24-Jan-15,24-Jan-15
25-Jan-15,25-Jan-15
26-Jan-15,26-Jan-15
27-Jan-15,27-Jan-15
28-Jan-15,28-Jan-15
29-Jan-15,29-Jan-15
30-Jan-15,30-Jan-15
31-Jan-15,31-Jan-15
01-Feb-15,01-Feb-15
02-Feb-15,02-Feb-15
03-Feb-15,03-Feb-15
04-Feb-15,04-Feb-15
05-Feb-15,05-Feb-15
06-Feb-15,06-Feb-15
07-Feb-15,07-Feb-15
08-Feb-15,08-Feb-15
09-Feb-15,09-Feb-15
10-Feb-15,10-Feb-15
11-Feb-15,11-Feb-15
12-Feb-15,12-Feb-15
13-Feb-15,13-Feb-15
14-Feb-15,14-Feb-15
15-Feb-15,15-Feb-15
16-Feb-15,16-Feb-15
17-Feb-15,17-Feb-15
18-Feb-15,18-Feb-15
19-Feb-15,19-Feb-15
20-Feb-15,20-Feb-15
21-Feb-15,21-Feb-15
22-Feb-15,22-Feb-15
23-Feb-15,23-Feb-15
24-Feb-15,24-Feb-15
25-Feb-15,25-Feb-15
26-Feb-15,26-Feb-15
27-Feb-15,27-Feb-15
28-Feb-15,28-Feb-15
01-Mar-15,01-Mar-15
02-Mar-15,02-Mar-15
03-Mar-15,03-Mar-15
04-Mar-15,04-Mar-15
05-Mar-15,05-Mar-15
06-Mar-15,06-Mar-15
07-Mar-15,07-Mar-15
08-Mar-15,08-Mar-15
09-Mar-15,09-Mar-15
10-Mar-15,10-Mar-15
11-Mar-15,11-Mar-15
12-Mar-15,12-Mar-15
13-Mar-15,13-Mar-15
14-Mar-15,14-Mar-15
15-Mar-15,15-Mar-15
16-Mar-15,16-Mar-15
17-Mar-15,17-Mar-15
18-Mar-15,18-Mar-15
19-Mar-15,19-Mar-15
20-Mar-15,20-Mar-15
21-Mar-15,21-Mar-15
22-Mar-15,22-Mar-15
23-Mar-15,23-Mar-15
24-Mar-15,24-Mar-15
25-Mar-15,25-Mar-15
26-Mar-15,26-Mar-15
27-Mar-15,27-Mar-15
28-Mar-15,28-Mar-15
29-Mar-15,29-Mar-15
30-Mar-15,30-Mar-15
31-Mar-15,31-Mar-15
01-Apr-15,01-Apr-15
02-Apr-15,02-Apr-15
03-Apr-15,03-Apr-15
04-Apr-15,04-Apr-15
05-Apr-15,05-Apr-15
06-Apr-15,06-Apr-15
07-Apr-15,07-Apr-15
08-Apr-15,08-Apr-15
09-Apr-15,09-Apr-15
10-Apr-15,10-Apr-15
11-Apr-15,11-Apr-15
12-Apr-15,12-Apr-15
13-Apr-15,13-Apr-15
14-Apr-15,14-Apr-15
15-Apr-15,15-Apr-15
16-Apr-15,16-Apr-15
17-Apr-15,17-Apr-15
18-Apr-15,18-Apr-15
19-Apr-15,19-Apr-15
20-Apr-15,20-Apr-15
21-Apr-15,21-Apr-15
22-Apr-15,22-Apr-15
23-Apr-15,23-Apr-15
24-Apr-15,24-Apr-15
25-Apr-15,25-Apr-15
26-Apr-15,26-Apr-15
27-Apr-15,27-Apr-15
28-Apr-15,28-Apr-15
29-Apr-15,29-Apr-15
30-Apr-15,30-Apr-15
01-May-15,01-May-15
02-May-15,02-May-15
03-May-15,03-May-15
04-May-15,04-May-15
05-May-15,05-May-15
06-May-15,06-May-15
07-May-15,07-May-15
08-May-15,08-May-15
09-May-15,09-May-15
10-May-15,10-May-15
11-May-15,11-May-15
12-May-15,12-May-15
13-May-15,13-May-15
14-May-15,14-May-15
15-May-15,15-May-15
16-May-15,16-May-15
17-May-15,17-May-15
18-May-15,18-May-15
19-May-15,19-May-15
20-May-15,20-May-15
21-May-15,21-May-15
22-May-15,22-May-15
23-May-15,23-May-15
24-May-15,24-May-15
25-May-15,25-May-15
26-May-15,26-May-15
27-May-15,27-May-15
28-May-15,28-May-15
29-May-15,29-May-15
30-May-15,30-May-15
31-May-15,31-May-15
01-Jun-15,01-Jun-15
02-Jun-15,02-Jun-15
03-Jun-15,03-Jun-15
04-Jun-15,04-Jun-15
05-Jun-15,05-Jun-15
06-Jun-15,06-Jun-15
07-Jun-15,07-Jun-15
08-Jun-15,08-Jun-15
09-Jun-15,09-Jun-15
10-Jun-15,10-Jun-15
11-Jun-15,11-Jun-15
12-Jun-15,12-Jun-15
13-Jun-15,13-Jun-15
14-Jun-15,14-Jun-15
15-Jun-15,15-Jun-15
16-Jun-15,16-Jun-15
17-Jun-15,17-Jun-15
18-Jun-15,18-Jun-15
19-Jun-15,19-Jun-15
20-Jun-15,20-Jun-15
21-Jun-15,21-Jun-15
22-Jun-15,22-Jun-15
23-Jun-15,23-Jun-15
24-Jun-15,24-Jun-15
25-Jun-15,25-Jun-15
26-Jun-15,26-Jun-15
27-Jun-15,27-Jun-15
28-Jun-15,28-Jun-15
29-Jun-15,29-Jun-15
30-Jun-15,30-Jun-15
01-Jul-15,01-Jul-15
02-Jul-15,02-Jul-15
03-Jul-15,03-Jul-15
04-Jul-15,04-Jul-15
05-Jul-15,05-Jul-15
06-Jul-15,06-Jul-15
07-Jul-15,07-Jul-15
08-Jul-15,08-Jul-15
09-Jul-15,09-Jul-15
10-Jul-15,10-Jul-15
11-Jul-15,11-Jul-15
12-Jul-15,12-Jul-15
13-Jul-15,13-Jul-15
14-Jul-15,14-Jul-15
15-Jul-15,15-Jul-15
16-Jul-15,16-Jul-15
17-Jul-15,17-Jul-15
18-Jul-15,18-Jul-15
19-Jul-15,19-Jul-15
20-Jul-15,20-Jul-15
21-Jul-15,21-Jul-15
22-Jul-15,22-Jul-15
23-Jul-15,23-Jul-15
24-Jul-15,24-Jul-15
25-Jul-15,25-Jul-15
26-Jul-15,26-Jul-15
27-Jul-15,27-Jul-15
28-Jul-15,28-Jul-15
29-Jul-15,29-Jul-15
30-Jul-15,30-Jul-15
31-Jul-15,31-Jul-15
01-Aug-15,01-Aug-15
02-Aug-15,02-Aug-15
03-Aug-15,03-Aug-15
04-Aug-15,04-Aug-15
05-Aug-15,05-Aug-15
06-Aug-15,06-Aug-15
07-Aug-15,07-Aug-15
08-Aug-15,08-Aug-15
09-Aug-15,09-Aug-15
10-Aug-15,10-Aug-15
11-Aug-15,11-Aug-15
12-Aug-15,12-Aug-15
13-Aug-15,13-Aug-15
14-Aug-15,14-Aug-15
15-Aug-15,15-Aug-15
16-Aug-15,16-Aug-15
17-Aug-15,17-Aug-15
18-Aug-15,18-Aug-15
19-Aug-15,19-Aug-15
20-Aug-15,20-Aug-15
21-Aug-15,21-Aug-15
22-Aug-15,22-Aug-15
23-Aug-15,23-Aug-15
24-Aug-15,24-Aug-15
25-Aug-15,25-Aug-15
26-Aug-15,26-Aug-15
27-Aug-15,27-Aug-15
28-Aug-15,28-Aug-15
29-Aug-15,29-Aug-15
30-Aug-15,30-Aug-15
31-Aug-15,31-Aug-15
01-Sep-15,01-Sep-15
02-Sep-15,02-Sep-15
03-Sep-15,03-Sep-15
04-Sep-15,04-Sep-15
05-Sep-15,05-Sep-15
06-Sep-15,06-Sep-15
07-Sep-15,07-Sep-15
08-Sep-15,08-Sep-15
09-Sep-15,09-Sep-15
10-Sep-15,10-Sep-15
11-Sep-15,11-Sep-15
12-Sep-15,12-Sep-15
13-Sep-15,13-Sep-15
14-Sep-15,14-Sep-15
15-Sep-15,15-Sep-15
16-Sep-15,16-Sep-15
17-Sep-15,17-Sep-15
18-Sep-15,18-Sep-15
19-Sep-15,19-Sep-15
20-Sep-15,20-Sep-15
21-Sep-15,21-Sep-15
22-Sep-15,22-Sep-15
23-Sep-15,23-Sep-15
24-Sep-15,24-Sep-15
25-Sep-15,25-Sep-15
26-Sep-15,26-Sep-15
27-Sep-15,27-Sep-15
28-Sep-15,28-Sep-15
29-Sep-15,29-Sep-15
30-Sep-15,30-Sep-15
01-Oct-15,01-Oct-15
02-Oct-15,02-Oct-15
03-Oct-15,03-Oct-15
04-Oct-15,04-Oct-15
05-Oct-15,05-Oct-15
06-Oct-15,06-Oct-15
07-Oct-15,07-Oct-15
08-Oct-15,08-Oct-15
09-Oct-15,09-Oct-15
10-Oct-15,10-Oct-15
11-Oct-15,11-Oct-15
12-Oct-15,12-Oct-15
13-Oct-15,13-Oct-15
14-Oct-15,14-Oct-15
15-Oct-15,15-Oct-15
16-Oct-15,16-Oct-15
17-Oct-15,17-Oct-15
18-Oct-15,18-Oct-15
19-Oct-15,19-Oct-15
20-Oct-15,20-Oct-15
21-Oct-15,21-Oct-15
22-Oct-15,22-Oct-15
23-Oct-15,23-Oct-15
24-Oct-15,24-Oct-15
25-Oct-15,25-Oct-15
26-Oct-15,26-Oct-15
27-Oct-15,27-Oct-15
28-Oct-15,28-Oct-15
29-Oct-15,29-Oct-15
30-Oct-15,30-Oct-15
31-Oct-15,31-Oct-15
01-Nov-15,01-Nov-15
02-Nov-15,02-Nov-15
03-Nov-15,03-Nov-15
04-Nov-15,04-Nov-15
05-Nov-15,05-Nov-15
06-Nov-15,06-Nov-15
07-Nov-15,07-Nov-15
08-Nov-15,08-Nov-15
09-Nov-15,09-Nov-15
10-Nov-15,10-Nov-15
11-Nov-15,11-Nov-15
12-Nov-15,12-Nov-15
13-Nov-15,13-Nov-15
14-Nov-15,14-Nov-15
15-Nov-15,15-Nov-15
16-Nov-15,16-Nov-15
17-Nov-15,17-Nov-15
18-Nov-15,18-Nov-15
19-Nov-15,19-Nov-15
20-Nov-15,20-Nov-15
21-Nov-15,21-Nov-15
22-Nov-15,22-Nov-15
23-Nov-15,23-Nov-15
24-Nov-15,24-Nov-15
25-Nov-15,25-Nov-15
26-Nov-15,26-Nov-15
27-Nov-15,27-Nov-15
28-Nov-15,28-Nov-15
29-Nov-15,29-Nov-15
30-Nov-15,30-Nov-15
01-Dec-15,01-Dec-15
02-Dec-15,02-Dec-15
03-Dec-15,03-Dec-15
04-Dec-15,04-Dec-15
05-Dec-15,05-Dec-15
06-Dec-15,06-Dec-15
07-Dec-15,07-Dec-15
08-Dec-15,08-Dec-15
09-Dec-15,09-Dec-15
10-Dec-15,10-Dec-15
11-Dec-15,11-Dec-15
12-Dec-15,12-Dec-15
13-Dec-15,13-Dec-15
14-Dec-15,14-Dec-15
15-Dec-15,15-Dec-15
16-Dec-15,16-Dec-15
17-Dec-15,17-Dec-15
18-Dec-15,18-Dec-15
19-Dec-15,19-Dec-15
20-Dec-15,20-Dec-15
21-Dec-15,21-Dec-15
22-Dec-15,22-Dec-15
23-Dec-15,23-Dec-15
24-Dec-15,24-Dec-15
25-Dec-15,25-Dec-15
26-Dec-15,26-Dec-15
27-Dec-15,27-Dec-15
28-Dec-15,28-Dec-15
29-Dec-15,29-Dec-15
30-Dec-15,30-Dec-15
31-Dec-15,31-Dec-15
01-Jan-16,01-Jan-16
02-Jan-16,02-Jan-16
03-Jan-16,03-Jan-16
04-Jan-16,04-Jan-16
05-Jan-16,05-Jan-16
06-Jan-16,06-Jan-16
07-Jan-16,07-Jan-16
08-Jan-16,08-Jan-16
09-Jan-16,09-Jan-16
10-Jan-16,10-Jan-16
11-Jan-16,11-Jan-16
12-Jan-16,12-Jan-16
13-Jan-16,13-Jan-16
14-Jan-16,14-Jan-16
15-Jan-16,15-Jan-16
16-Jan-16,16-Jan-16
17-Jan-16,17-Jan-16
18-Jan-16,18-Jan-16
19-Jan-16,19-Jan-16
20-Jan-16,20-Jan-16
21-Jan-16,21-Jan-16
22-Jan-16,22-Jan-16
23-Jan-16,23-Jan-16
24-Jan-16,24-Jan-16
25-Jan-16,25-Jan-16
26-Jan-16,26-Jan-16
27-Jan-16,27-Jan-16
28-Jan-16,28-Jan-16
29-Jan-16,29-Jan-16
30-Jan-16,30-Jan-16
31-Jan-16,31-Jan-16
01-Feb-16,01-Feb-16
02-Feb-16,02-Feb-16
03-Feb-16,03-Feb-16
04-Feb-16,04-Feb-16
05-Feb-16,05-Feb-16
06-Feb-16,06-Feb-16
07-Feb-16,07-Feb-16
08-Feb-16,08-Feb-16
09-Feb-16,09-Feb-16
10-Feb-16,10-Feb-16
11-Feb-16,11-Feb-16
12-Feb-16,12-Feb-16
13-Feb-16,13-Feb-16
14-Feb-16,14-Feb-16
15-Feb-16,15-Feb-16
16-Feb-16,16-Feb-16
17-Feb-16,17-Feb-16
18-Feb-16,18-Feb-16
19-Feb-16,19-Feb-16
20-Feb-16,20-Feb-16
21-Feb-16,21-Feb-16
22-Feb-16,22-Feb-16
23-Feb-16,23-Feb-16
24-Feb-16,24-Feb-16
25-Feb-16,25-Feb-16
26-Feb-16,26-Feb-16
27-Feb-16,27-Feb-16
28-Feb-16,28-Feb-16
29-Feb-16,29-Feb-16
01-Mar-16,01-Mar-16
02-Mar-16,02-Mar-16
03-Mar-16,03-Mar-16
04-Mar-16,04-Mar-16
05-Mar-16,05-Mar-16
06-Mar-16,06-Mar-16
07-Mar-16,07-Mar-16
08-Mar-16,08-Mar-16
09-Mar-16,09-Mar-16
10-Mar-16,10-Mar-16
11-Mar-16,11-Mar-16
12-Mar-16,12-Mar-16
13-Mar-16,13-Mar-16
14-Mar-16,14-Mar-16
15-Mar-16,15-Mar-16
16-Mar-16,16-Mar-16
17-Mar-16,17-Mar-16
18-Mar-16,18-Mar-16
19-Mar-16,19-Mar-16
20-Mar-16,20-Mar-16
21-Mar-16,21-Mar-16
22-Mar-16,22-Mar-16
23-Mar-16,23-Mar-16
24-Mar-16,24-Mar-16
25-Mar-16,25-Mar-16
26-Mar-16,26-Mar-16
27-Mar-16,27-Mar-16
28-Mar-16,28-Mar-16
29-Mar-16,29-Mar-16
30-Mar-16,30-Mar-16
31-Mar-16,31-Mar-16
01-Apr-16,01-Apr-16
02-Apr-16,02-Apr-16
03-Apr-16,03-Apr-16
04-Apr-16,04-Apr-16
05-Apr-16,05-Apr-16
06-Apr-16,06-Apr-16
07-Apr-16,07-Apr-16
08-Apr-16,08-Apr-16
09-Apr-16,09-Apr-16
10-Apr-16,10-Apr-16
11-Apr-16,11-Apr-16
12-Apr-16,12-Apr-16
13-Apr-16,13-Apr-16
14-Apr-16,14-Apr-16
15-Apr-16,15-Apr-16
16-Apr-16,16-Apr-16
17-Apr-16,17-Apr-16
18-Apr-16,18-Apr-16
19-Apr-16,19-Apr-16
20-Apr-16,20-Apr-16
21-Apr-16,21-Apr-16
22-Apr-16,22-Apr-16
23-Apr-16,23-Apr-16
24-Apr-16,24-Apr-16
25-Apr-16,25-Apr-16
26-Apr-16,26-Apr-16
27-Apr-16,27-Apr-16
28-Apr-16,28-Apr-16
29-Apr-16,29-Apr-16
30-Apr-16,30-Apr-16
01-May-16,01-May-16
02-May-16,02-May-16
03-May-16,03-May-16
04-May-16,04-May-16
05-May-16,05-May-16
06-May-16,06-May-16
07-May-16,07-May-16
08-May-16,08-May-16
09-May-16,09-May-16
10-May-16,10-May-16
11-May-16,11-May-16
12-May-16,12-May-16
13-May-16,13-May-16
14-May-16,14-May-16
15-May-16,15-May-16
16-May-16,16-May-16
17-May-16,17-May-16
18-May-16,18-May-16
19-May-16,19-May-16
20-May-16,20-May-16
21-May-16,21-May-16
22-May-16,22-May-16
23-May-16,23-May-16
24-May-16,24-May-16
25-May-16,25-May-16
26-May-16,26-May-16
27-May-16,27-May-16
28-May-16,28-May-16
29-May-16,29-May-16
30-May-16,30-May-16
31-May-16,31-May-16
01-Jun-16,01-Jun-16
02-Jun-16,02-Jun-16
03-Jun-16,03-Jun-16
04-Jun-16,04-Jun-16
05-Jun-16,05-Jun-16
06-Jun-16,06-Jun-16
07-Jun-16,07-Jun-16
08-Jun-16,08-Jun-16
09-Jun-16,09-Jun-16
10-Jun-16,10-Jun-16
11-Jun-16,11-Jun-16
12-Jun-16,12-Jun-16
13-Jun-16,13-Jun-16
14-Jun-16,14-Jun-16
15-Jun-16,15-Jun-16
16-Jun-16,16-Jun-16
17-Jun-16,17-Jun-16
18-Jun-16,18-Jun-16
19-Jun-16,19-Jun-16
20-Jun-16,20-Jun-16
21-Jun-16,21-Jun-16
22-Jun-16,22-Jun-16
23-Jun-16,23-Jun-16
24-Jun-16,24-Jun-16
25-Jun-16,25-Jun-16
26-Jun-16,26-Jun-16
27-Jun-16,27-Jun-16
28-Jun-16,28-Jun-16
29-Jun-16,29-Jun-16
30-Jun-16,30-Jun-16
01-Jul-16,01-Jul-16
02-Jul-16,02-Jul-16
03-Jul-16,03-Jul-16
04-Jul-16,04-Jul-16
05-Jul-16,05-Jul-16
06-Jul-16,06-Jul-16
07-Jul-16,07-Jul-16
08-Jul-16,08-Jul-16
09-Jul-16,09-Jul-16
10-Jul-16,10-Jul-16
11-Jul-16,11-Jul-16
12-Jul-16,12-Jul-16
13-Jul-16,13-Jul-16
14-Jul-16,14-Jul-16
15-Jul-16,15-Jul-16
16-Jul-16,16-Jul-16
17-Jul-16,17-Jul-16
18-Jul-16,18-Jul-16
19-Jul-16,19-Jul-16
20-Jul-16,20-Jul-16
21-Jul-16,21-Jul-16
22-Jul-16,22-Jul-16
23-Jul-16,23-Jul-16
24-Jul-16,24-Jul-16
25-Jul-16,25-Jul-16
26-Jul-16,26-Jul-16
27-Jul-16,27-Jul-16
28-Jul-16,28-Jul-16
29-Jul-16,29-Jul-16
30-Jul-16,30-Jul-16
31-Jul-16,31-Jul-16
01-Aug-16,01-Aug-16
02-Aug-16,02-Aug-16
03-Aug-16,03-Aug-16
04-Aug-16,04-Aug-16
05-Aug-16,05-Aug-16
06-Aug-16,06-Aug-16
07-Aug-16,07-Aug-16
08-Aug-16,08-Aug-16
09-Aug-16,09-Aug-16
10-Aug-16,10-Aug-16
11-Aug-16,11-Aug-16
12-Aug-16,12-Aug-16
13-Aug-16,13-Aug-16
14-Aug-16,14-Aug-16
15-Aug-16,15-Aug-16
16-Aug-16,16-Aug-16
17-Aug-16,17-Aug-16
18-Aug-16,18-Aug-16
19-Aug-16,19-Aug-16
20-Aug-16,20-Aug-16
21-Aug-16,21-Aug-16
22-Aug-16,22-Aug-16
23-Aug-16,23-Aug-16
24-Aug-16,24-Aug-16
25-Aug-16,25-Aug-16
26-Aug-16,26-Aug-16
27-Aug-16,27-Aug-16
28-Aug-16,28-Aug-16
29-Aug-16,29-Aug-16
30-Aug-16,30-Aug-16
31-Aug-16,31-Aug-16
01-Sep-16,01-Sep-16
02-Sep-16,02-Sep-16
03-Sep-16,03-Sep-16
04-Sep-16,04-Sep-16
05-Sep-16,05-Sep-16
06-Sep-16,06-Sep-16
07-Sep-16,07-Sep-16
08-Sep-16,08-Sep-16
09-Sep-16,09-Sep-16
10-Sep-16,10-Sep-16
11-Sep-16,11-Sep-16
12-Sep-16,12-Sep-16
13-Sep-16,13-Sep-16
14-Sep-16,14-Sep-16
15-Sep-16,15-Sep-16
16-Sep-16,16-Sep-16
17-Sep-16,17-Sep-16
18-Sep-16,18-Sep-16
19-Sep-16,19-Sep-16
20-Sep-16,20-Sep-16
21-Sep-16,21-Sep-16
22-Sep-16,22-Sep-16
23-Sep-16,23-Sep-16
24-Sep-16,24-Sep-16
25-Sep-16,25-Sep-16
26-Sep-16,26-Sep-16
27-Sep-16,27-Sep-16
28-Sep-16,28-Sep-16
29-Sep-16,29-Sep-16
30-Sep-16,30-Sep-16
01-Oct-16,01-Oct-16
02-Oct-16,02-Oct-16
03-Oct-16,03-Oct-16
04-Oct-16,04-Oct-16
05-Oct-16,05-Oct-16
06-Oct-16,06-Oct-16
07-Oct-16,07-Oct-16
08-Oct-16,08-Oct-16
09-Oct-16,09-Oct-16
10-Oct-16,10-Oct-16
11-Oct-16,11-Oct-16
12-Oct-16,12-Oct-16
13-Oct-16,13-Oct-16
14-Oct-16,14-Oct-16
15-Oct-16,15-Oct-16
16-Oct-16,16-Oct-16
17-Oct-16,17-Oct-16
18-Oct-16,18-Oct-16
19-Oct-16,19-Oct-16
20-Oct-16,20-Oct-16
21-Oct-16,21-Oct-16
22-Oct-16,22-Oct-16
23-Oct-16,23-Oct-16
24-Oct-16,24-Oct-16
25-Oct-16,25-Oct-16
26-Oct-16,26-Oct-16
27-Oct-16,27-Oct-16
28-Oct-16,28-Oct-16
29-Oct-16,29-Oct-16
30-Oct-16,30-Oct-16
31-Oct-16,31-Oct-16
01-Nov-16,01-Nov-16
02-Nov-16,02-Nov-16
03-Nov-16,03-Nov-16
04-Nov-16,04-Nov-16
05-Nov-16,05-Nov-16
06-Nov-16,06-Nov-16
07-Nov-16,07-Nov-16
08-Nov-16,08-Nov-16
09-Nov-16,09-Nov-16
10-Nov-16,10-Nov-16
11-Nov-16,11-Nov-16
12-Nov-16,12-Nov-16
13-Nov-16,13-Nov-16
14-Nov-16,14-Nov-16
15-Nov-16,15-Nov-16
16-Nov-16,16-Nov-16
17-Nov-16,17-Nov-16
18-Nov-16,18-Nov-16
19-Nov-16,19-Nov-16
20-Nov-16,20-Nov-16
21-Nov-16,21-Nov-16
22-Nov-16,22-Nov-16
23-Nov-16,23-Nov-16
24-Nov-16,24-Nov-16
25-Nov-16,25-Nov-16
26-Nov-16,26-Nov-16
27-Nov-16,27-Nov-16
28-Nov-16,28-Nov-16
29-Nov-16,29-Nov-16
30-Nov-16,30-Nov-16
01-Dec-16,01-Dec-16
02-Dec-16,02-Dec-16
03-Dec-16,03-Dec-16
04-Dec-16,04-Dec-16
05-Dec-16,05-Dec-16
06-Dec-16,06-Dec-16
07-Dec-16,07-Dec-16
08-Dec-16,08-Dec-16
09-Dec-16,09-Dec-16
10-Dec-16,10-Dec-16
11-Dec-16,11-Dec-16
12-Dec-16,12-Dec-16
13-Dec-16,13-Dec-16
14-Dec-16,14-Dec-16
15-Dec-16,15-Dec-16
16-Dec-16,16-Dec-16
17-Dec-16,17-Dec-16
18-Dec-16,18-Dec-16
19-Dec-16,19-Dec-16
20-Dec-16,20-Dec-16
21-Dec-16,21-Dec-16
22-Dec-16,22-Dec-16
23-Dec-16,23-Dec-16
24-Dec-16,24-Dec-16
25-Dec-16,25-Dec-16
26-Dec-16,26-Dec-16
27-Dec-16,27-Dec-16
28-Dec-16,28-Dec-16
29-Dec-16,29-Dec-16
30-Dec-16,30-Dec-16
31-Dec-16,31-Dec-16
01-Jan-17,01-Jan-17
02-Jan-17,02-Jan-17
03-Jan-17,03-Jan-17
04-Jan-17,04-Jan-17
05-Jan-17,05-Jan-17
06-Jan-17,06-Jan-17
07-Jan-17,07-Jan-17
08-Jan-17,08-Jan-17
09-Jan-17,09-Jan-17
10-Jan-17,10-Jan-17
11-Jan-17,11-Jan-17
12-Jan-17,12-Jan-17
13-Jan-17,13-Jan-17
14-Jan-17,14-Jan-17
15-Jan-17,15-Jan-17
16-Jan-17,16-Jan-17
17-Jan-17,17-Jan-17
18-Jan-17,18-Jan-17
19-Jan-17,19-Jan-17
20-Jan-17,20-Jan-17
21-Jan-17,21-Jan-17
22-Jan-17,22-Jan-17
23-Jan-17,23-Jan-17
24-Jan-17,24-Jan-17
25-Jan-17,25-Jan-17
26-Jan-17,26-Jan-17
27-Jan-17,27-Jan-17
28-Jan-17,28-Jan-17
29-Jan-17,29-Jan-17
30-Jan-17,30-Jan-17
31-Jan-17,31-Jan-17
01-Feb-17,01-Feb-17
02-Feb-17,02-Feb-17
03-Feb-17,03-Feb-17
04-Feb-17,04-Feb-17
05-Feb-17,05-Feb-17
06-Feb-17,06-Feb-17
07-Feb-17,07-Feb-17
08-Feb-17,08-Feb-17
09-Feb-17,09-Feb-17
10-Feb-17,10-Feb-17
11-Feb-17,11-Feb-17
12-Feb-17,12-Feb-17
13-Feb-17,13-Feb-17
14-Feb-17,14-Feb-17
15-Feb-17,15-Feb-17
16-Feb-17,16-Feb-17
17-Feb-17,17-Feb-17
18-Feb-17,18-Feb-17
19-Feb-17,19-Feb-17
20-Feb-17,20-Feb-17
21-Feb-17,21-Feb-17
22-Feb-17,22-Feb-17
23-Feb-17,23-Feb-17
24-Feb-17,24-Feb-17
25-Feb-17,25-Feb-17
26-Feb-17,26-Feb-17
27-Feb-17,27-Feb-17
28-Feb-17,28-Feb-17
01-Mar-17,01-Mar-17
02-Mar-17,02-Mar-17
03-Mar-17,03-Mar-17
04-Mar-17,04-Mar-17
05-Mar-17,05-Mar-17
06-Mar-17,06-Mar-17
07-Mar-17,07-Mar-17
08-Mar-17,08-Mar-17
09-Mar-17,09-Mar-17
10-Mar-17,10-Mar-17
11-Mar-17,11-Mar-17
12-Mar-17,12-Mar-17
13-Mar-17,13-Mar-17
14-Mar-17,14-Mar-17
15-Mar-17,15-Mar-17
16-Mar-17,16-Mar-17
17-Mar-17,17-Mar-17
18-Mar-17,18-Mar-17
19-Mar-17,19-Mar-17
20-Mar-17,20-Mar-17
21-Mar-17,21-Mar-17
22-Mar-17,22-Mar-17
23-Mar-17,23-Mar-17
24-Mar-17,24-Mar-17
25-Mar-17,25-Mar-17
26-Mar-17,26-Mar-17
27-Mar-17,27-Mar-17
28-Mar-17,28-Mar-17
29-Mar-17,29-Mar-17
30-Mar-17,30-Mar-17
31-Mar-17,31-Mar-17
01-Apr-17,01-Apr-17
02-Apr-17,02-Apr-17
03-Apr-17,03-Apr-17
04-Apr-17,04-Apr-17
05-Apr-17,05-Apr-17
06-Apr-17,06-Apr-17
07-Apr-17,07-Apr-17
08-Apr-17,08-Apr-17
09-Apr-17,09-Apr-17
10-Apr-17,10-Apr-17
11-Apr-17,11-Apr-17
12-Apr-17,12-Apr-17
13-Apr-17,13-Apr-17
14-Apr-17,14-Apr-17
15-Apr-17,15-Apr-17
16-Apr-17,16-Apr-17
17-Apr-17,17-Apr-17
18-Apr-17,18-Apr-17
19-Apr-17,19-Apr-17
20-Apr-17,20-Apr-17
21-Apr-17,21-Apr-17
22-Apr-17,22-Apr-17
23-Apr-17,23-Apr-17
24-Apr-17,24-Apr-17
25-Apr-17,25-Apr-17
26-Apr-17,26-Apr-17
27-Apr-17,27-Apr-17
28-Apr-17,28-Apr-17
29-Apr-17,29-Apr-17
30-Apr-17,30-Apr-17
01-May-17,01-May-17
02-May-17,02-May-17
03-May-17,03-May-17
04-May-17,04-May-17
05-May-17,05-May-17
06-May-17,06-May-17
07-May-17,07-May-17
08-May-17,08-May-17
09-May-17,09-May-17
10-May-17,10-May-17
11-May-17,11-May-17
12-May-17,12-May-17
13-May-17,13-May-17
14-May-17,14-May-17
15-May-17,15-May-17
16-May-17,16-May-17
17-May-17,17-May-17
18-May-17,18-May-17
19-May-17,19-May-17
20-May-17,20-May-17
21-May-17,21-May-17
22-May-17,22-May-17
23-May-17,23-May-17
24-May-17,24-May-17
25-May-17,25-May-17
26-May-17,26-May-17
27-May-17,27-May-17
28-May-17,28-May-17
29-May-17,29-May-17
30-May-17,30-May-17
31-May-17,31-May-17
01-Jun-17,01-Jun-17
02-Jun-17,02-Jun-17
03-Jun-17,03-Jun-17
04-Jun-17,04-Jun-17
05-Jun-17,05-Jun-17
06-Jun-17,06-Jun-17
07-Jun-17,07-Jun-17
08-Jun-17,08-Jun-17
09-Jun-17,09-Jun-17
10-Jun-17,10-Jun-17
11-Jun-17,11-Jun-17
12-Jun-17,12-Jun-17
13-Jun-17,13-Jun-17
14-Jun-17,14-Jun-17
15-Jun-17,15-Jun-17
16-Jun-17,16-Jun-17
17-Jun-17,17-Jun-17
18-Jun-17,18-Jun-17
19-Jun-17,19-Jun-17
20-Jun-17,20-Jun-17
21-Jun-17,21-Jun-17
22-Jun-17,22-Jun-17
23-Jun-17,23-Jun-17
24-Jun-17,24-Jun-17
25-Jun-17,25-Jun-17
26-Jun-17,26-Jun-17
27-Jun-17,27-Jun-17
28-Jun-17,28-Jun-17
29-Jun-17,29-Jun-17
30-Jun-17,30-Jun-17
01-Jul-17,01-Jul-17
02-Jul-17,02-Jul-17
03-Jul-17,03-Jul-17
04-Jul-17,04-Jul-17
05-Jul-17,05-Jul-17
06-Jul-17,06-Jul-17
07-Jul-17,07-Jul-17
08-Jul-17,08-Jul-17
09-Jul-17,09-Jul-17
10-Jul-17,10-Jul-17
11-Jul-17,11-Jul-17
12-Jul-17,12-Jul-17
13-Jul-17,13-Jul-17
14-Jul-17,14-Jul-17
15-Jul-17,15-Jul-17
16-Jul-17,16-Jul-17
17-Jul-17,17-Jul-17
18-Jul-17,18-Jul-17
19-Jul-17,19-Jul-17
20-Jul-17,20-Jul-17
21-Jul-17,21-Jul-17
22-Jul-17,22-Jul-17
23-Jul-17,23-Jul-17
24-Jul-17,24-Jul-17
25-Jul-17,25-Jul-17
26-Jul-17,26-Jul-17
27-Jul-17,27-Jul-17
28-Jul-17,28-Jul-17
29-Jul-17,29-Jul-17
30-Jul-17,30-Jul-17
31-Jul-17,31-Jul-17
01-Aug-17,01-Aug-17
02-Aug-17,02-Aug-17
03-Aug-17,03-Aug-17
04-Aug-17,04-Aug-17
05-Aug-17,05-Aug-17
06-Aug-17,06-Aug-17
07-Aug-17,07-Aug-17
08-Aug-17,08-Aug-17
09-Aug-17,09-Aug-17
10-Aug-17,10-Aug-17
11-Aug-17,11-Aug-17
12-Aug-17,12-Aug-17
13-Aug-17,13-Aug-17
14-Aug-17,14-Aug-17
15-Aug-17,15-Aug-17
16-Aug-17,16-Aug-17
17-Aug-17,17-Aug-17
18-Aug-17,18-Aug-17
19-Aug-17,19-Aug-17
20-Aug-17,20-Aug-17
21-Aug-17,21-Aug-17
22-Aug-17,22-Aug-17
23-Aug-17,23-Aug-17
24-Aug-17,24-Aug-17
25-Aug-17,25-Aug-17
26-Aug-17,26-Aug-17
27-Aug-17,27-Aug-17
28-Aug-17,28-Aug-17
29-Aug-17,29-Aug-17
30-Aug-17,30-Aug-17
31-Aug-17,31-Aug-17
01-Sep-17,01-Sep-17
02-Sep-17,02-Sep-17
03-Sep-17,03-Sep-17
04-Sep-17,04-Sep-17
05-Sep-17,05-Sep-17
06-Sep-17,06-Sep-17
07-Sep-17,07-Sep-17
08-Sep-17,08-Sep-17
09-Sep-17,09-Sep-17
10-Sep-17,10-Sep-17
11-Sep-17,11-Sep-17
12-Sep-17,12-Sep-17
13-Sep-17,13-Sep-17
14-Sep-17,14-Sep-17
15-Sep-17,15-Sep-17
16-Sep-17,16-Sep-17
17-Sep-17,17-Sep-17
18-Sep-17,18-Sep-17
19-Sep-17,19-Sep-17
20-Sep-17,20-Sep-17
21-Sep-17,21-Sep-17
22-Sep-17,22-Sep-17
23-Sep-17,23-Sep-17
24-Sep-17,24-Sep-17
25-Sep-17,25-Sep-17
26-Sep-17,26-Sep-17
27-Sep-17,27-Sep-17
28-Sep-17,28-Sep-17
29-Sep-17,29-Sep-17
30-Sep-17,30-Sep-17
01-Oct-17,01-Oct-17
02-Oct-17,02-Oct-17
03-Oct-17,03-Oct-17
04-Oct-17,04-Oct-17
05-Oct-17,05-Oct-17
06-Oct-17,06-Oct-17
07-Oct-17,07-Oct-17
08-Oct-17,08-Oct-17
09-Oct-17,09-Oct-17
10-Oct-17,10-Oct-17
11-Oct-17,11-Oct-17
12-Oct-17,12-Oct-17
13-Oct-17,13-Oct-17
14-Oct-17,14-Oct-17
15-Oct-17,15-Oct-17
16-Oct-17,16-Oct-17
17-Oct-17,17-Oct-17
18-Oct-17,18-Oct-17
19-Oct-17,19-Oct-17
20-Oct-17,20-Oct-17
21-Oct-17,21-Oct-17
22-Oct-17,22-Oct-17
23-Oct-17,23-Oct-17
24-Oct-17,24-Oct-17
25-Oct-17,25-Oct-17
26-Oct-17,26-Oct-17
27-Oct-17,27-Oct-17
28-Oct-17,28-Oct-17
29-Oct-17,29-Oct-17
30-Oct-17,30-Oct-17
31-Oct-17,31-Oct-17
01-Nov-17,01-Nov-17
02-Nov-17,02-Nov-17
03-Nov-17,03-Nov-17
04-Nov-17,04-Nov-17
05-Nov-17,05-Nov-17
06-Nov-17,06-Nov-17
07-Nov-17,07-Nov-17
08-Nov-17,08-Nov-17
09-Nov-17,09-Nov-17
10-Nov-17,10-Nov-17
11-Nov-17,11-Nov-17
12-Nov-17,12-Nov-17
13-Nov-17,13-Nov-17
14-Nov-17,14-Nov-17
15-Nov-17,15-Nov-17
16-Nov-17,16-Nov-17
17-Nov-17,17-Nov-17
18-Nov-17,18-Nov-17
19-Nov-17,19-Nov-17
20-Nov-17,20-Nov-17
21-Nov-17,21-Nov-17
22-Nov-17,22-Nov-17
23-Nov-17,23-Nov-17
24-Nov-17,24-Nov-17
25-Nov-17,25-Nov-17
26-Nov-17,26-Nov-17
27-Nov-17,27-Nov-17
28-Nov-17,28-Nov-17
29-Nov-17,29-Nov-17
30-Nov-17,30-Nov-17
01-Dec-17,01-Dec-17
02-Dec-17,02-Dec-17
03-Dec-17,03-Dec-17
04-Dec-17,04-Dec-17
05-Dec-17,05-Dec-17
06-Dec-17,06-Dec-17
07-Dec-17,07-Dec-17
08-Dec-17,08-Dec-17
09-Dec-17,09-Dec-17
10-Dec-17,10-Dec-17
11-Dec-17,11-Dec-17
12-Dec-17,12-Dec-17
13-Dec-17,13-Dec-17
14-Dec-17,14-Dec-17
15-Dec-17,15-Dec-17
16-Dec-17,16-Dec-17
17-Dec-17,17-Dec-17
18-Dec-17,18-Dec-17
19-Dec-17,19-Dec-17
20-Dec-17,20-Dec-17
21-Dec-17,21-Dec-17
22-Dec-17,22-Dec-17
23-Dec-17,23-Dec-17
24-Dec-17,24-Dec-17
25-Dec-17,25-Dec-17
26-Dec-17,26-Dec-17
27-Dec-17,27-Dec-17
28-Dec-17,28-Dec-17
29-Dec-17,29-Dec-17
30-Dec-17,30-Dec-17
31-Dec-17,31-Dec-17
01-Jan-18,01-Jan-18
02-Jan-18,02-Jan-18
03-Jan-18,03-Jan-18
04-Jan-18,04-Jan-18
05-Jan-18,05-Jan-18
06-Jan-18,06-Jan-18
07-Jan-18,07-Jan-18
08-Jan-18,08-Jan-18
09-Jan-18,09-Jan-18
10-Jan-18,10-Jan-18
11-Jan-18,11-Jan-18
12-Jan-18,12-Jan-18
13-Jan-18,13-Jan-18
14-Jan-18,14-Jan-18
15-Jan-18,15-Jan-18
16-Jan-18,16-Jan-18
17-Jan-18,17-Jan-18
18-Jan-18,18-Jan-18
19-Jan-18,19-Jan-18
20-Jan-18,20-Jan-18
21-Jan-18,21-Jan-18
22-Jan-18,22-Jan-18
23-Jan-18,23-Jan-18
24-Jan-18,24-Jan-18
25-Jan-18,25-Jan-18
26-Jan-18,26-Jan-18
27-Jan-18,27-Jan-18
28-Jan-18,28-Jan-18
29-Jan-18,29-Jan-18
30-Jan-18,30-Jan-18
31-Jan-18,31-Jan-18
01-Feb-18,01-Feb-18
02-Feb-18,02-Feb-18
03-Feb-18,03-Feb-18
04-Feb-18,04-Feb-18
05-Feb-18,05-Feb-18
06-Feb-18,06-Feb-18
07-Feb-18,07-Feb-18
08-Feb-18,08-Feb-18
09-Feb-18,09-Feb-18
10-Feb-18,10-Feb-18
11-Feb-18,11-Feb-18
12-Feb-18,12-Feb-18
13-Feb-18,13-Feb-18
14-Feb-18,14-Feb-18
15-Feb-18,15-Feb-18
16-Feb-18,16-Feb-18
17-Feb-18,17-Feb-18
18-Feb-18,18-Feb-18
19-Feb-18,19-Feb-18
20-Feb-18,20-Feb-18
21-Feb-18,21-Feb-18
22-Feb-18,22-Feb-18
23-Feb-18,23-Feb-18
24-Feb-18,24-Feb-18
25-Feb-18,25-Feb-18
26-Feb-18,26-Feb-18
27-Feb-18,27-Feb-18
28-Feb-18,28-Feb-18
01-Mar-18,01-Mar-18
02-Mar-18,02-Mar-18
03-Mar-18,03-Mar-18
04-Mar-18,04-Mar-18
05-Mar-18,05-Mar-18
06-Mar-18,06-Mar-18
07-Mar-18,07-Mar-18
08-Mar-18,08-Mar-18
09-Mar-18,09-Mar-18
10-Mar-18,10-Mar-18
11-Mar-18,11-Mar-18
12-Mar-18,12-Mar-18
13-Mar-18,13-Mar-18
14-Mar-18,14-Mar-18
15-Mar-18,15-Mar-18
16-Mar-18,16-Mar-18
17-Mar-18,17-Mar-18
18-Mar-18,18-Mar-18
19-Mar-18,19-Mar-18
20-Mar-18,20-Mar-18
21-Mar-18,21-Mar-18
22-Mar-18,22-Mar-18
23-Mar-18,23-Mar-18
24-Mar-18,24-Mar-18
25-Mar-18,25-Mar-18
26-Mar-18,26-Mar-18
27-Mar-18,27-Mar-18
28-Mar-18,28-Mar-18
29-Mar-18,29-Mar-18
30-Mar-18,30-Mar-18
31-Mar-18,31-Mar-18
01-Apr-18,01-Apr-18
02-Apr-18,02-Apr-18
03-Apr-18,03-Apr-18
04-Apr-18,04-Apr-18
05-Apr-18,05-Apr-18
06-Apr-18,06-Apr-18
07-Apr-18,07-Apr-18
08-Apr-18,08-Apr-18
09-Apr-18,09-Apr-18
10-Apr-18,10-Apr-18
11-Apr-18,11-Apr-18
12-Apr-18,12-Apr-18
13-Apr-18,13-Apr-18
14-Apr-18,14-Apr-18
15-Apr-18,15-Apr-18
16-Apr-18,16-Apr-18
17-Apr-18,17-Apr-18
18-Apr-18,18-Apr-18
19-Apr-18,19-Apr-18
20-Apr-18,20-Apr-18
21-Apr-18,21-Apr-18
22-Apr-18,22-Apr-18
23-Apr-18,23-Apr-18
24-Apr-18,24-Apr-18
25-Apr-18,25-Apr-18
26-Apr-18,26-Apr-18
27-Apr-18,27-Apr-18
28-Apr-18,28-Apr-18
29-Apr-18,29-Apr-18
30-Apr-18,30-Apr-18
01-May-18,01-May-18
02-May-18,02-May-18
03-May-18,03-May-18
04-May-18,04-May-18
05-May-18,05-May-18
06-May-18,06-May-18
07-May-18,07-May-18
08-May-18,08-May-18
09-May-18,09-May-18
10-May-18,10-May-18
11-May-18,11-May-18
12-May-18,12-May-18
13-May-18,13-May-18
14-May-18,14-May-18
15-May-18,15-May-18
16-May-18,16-May-18
17-May-18,17-May-18
18-May-18,18-May-18
19-May-18,19-May-18
20-May-18,20-May-18
21-May-18,21-May-18
22-May-18,22-May-18
23-May-18,23-May-18
24-May-18,24-May-18
25-May-18,25-May-18
26-May-18,26-May-18
27-May-18,27-May-18
28-May-18,28-May-18
29-May-18,29-May-18
30-May-18,30-May-18
31-May-18,31-May-18
01-Jun-18,01-Jun-18
02-Jun-18,02-Jun-18
03-Jun-18,03-Jun-18
04-Jun-18,04-Jun-18
05-Jun-18,05-Jun-18
06-Jun-18,06-Jun-18
07-Jun-18,07-Jun-18
08-Jun-18,08-Jun-18
09-Jun-18,09-Jun-18
10-Jun-18,10-Jun-18
11-Jun-18,11-Jun-18
12-Jun-18,12-Jun-18
13-Jun-18,13-Jun-18
14-Jun-18,14-Jun-18
15-Jun-18,15-Jun-18
16-Jun-18,16-Jun-18
17-Jun-18,17-Jun-18
18-Jun-18,18-Jun-18
19-Jun-18,19-Jun-18
20-Jun-18,20-Jun-18
21-Jun-18,21-Jun-18
22-Jun-18,22-Jun-18
23-Jun-18,23-Jun-18
24-Jun-18,24-Jun-18
25-Jun-18,25-Jun-18
26-Jun-18,26-Jun-18
27-Jun-18,27-Jun-18
28-Jun-18,28-Jun-18
29-Jun-18,29-Jun-18
30-Jun-18,30-Jun-18
01-Jul-18,01-Jul-18
02-Jul-18,02-Jul-18
03-Jul-18,03-Jul-18
04-Jul-18,04-Jul-18
05-Jul-18,05-Jul-18
06-Jul-18,06-Jul-18
07-Jul-18,07-Jul-18
08-Jul-18,08-Jul-18
09-Jul-18,09-Jul-18
10-Jul-18,10-Jul-18
11-Jul-18,11-Jul-18
12-Jul-18,12-Jul-18
13-Jul-18,13-Jul-18
14-Jul-18,14-Jul-18
15-Jul-18,15-Jul-18
16-Jul-18,16-Jul-18
17-Jul-18,17-Jul-18
18-Jul-18,18-Jul-18
19-Jul-18,19-Jul-18
20-Jul-18,20-Jul-18
21-Jul-18,21-Jul-18
22-Jul-18,22-Jul-18
23-Jul-18,23-Jul-18
24-Jul-18,24-Jul-18
25-Jul-18,25-Jul-18
26-Jul-18,26-Jul-18
27-Jul-18,27-Jul-18
28-Jul-18,28-Jul-18
29-Jul-18,29-Jul-18
30-Jul-18,30-Jul-18
31-Jul-18,31-Jul-18
01-Aug-18,01-Aug-18
02-Aug-18,02-Aug-18
03-Aug-18,03-Aug-18
04-Aug-18,04-Aug-18
05-Aug-18,05-Aug-18
06-Aug-18,06-Aug-18
07-Aug-18,07-Aug-18
08-Aug-18,08-Aug-18
09-Aug-18,09-Aug-18
10-Aug-18,10-Aug-18
11-Aug-18,11-Aug-18
12-Aug-18,12-Aug-18
13-Aug-18,13-Aug-18
14-Aug-18,14-Aug-18
15-Aug-18,15-Aug-18
16-Aug-18,16-Aug-18
17-Aug-18,17-Aug-18
18-Aug-18,18-Aug-18
19-Aug-18,19-Aug-18
20-Aug-18,20-Aug-18
21-Aug-18,21-Aug-18
22-Aug-18,22-Aug-18
23-Aug-18,23-Aug-18
24-Aug-18,24-Aug-18
25-Aug-18,25-Aug-18
26-Aug-18,26-Aug-18
27-Aug-18,27-Aug-18
28-Aug-18,28-Aug-18
29-Aug-18,29-Aug-18
30-Aug-18,30-Aug-18
31-Aug-18,31-Aug-18
01-Sep-18,01-Sep-18
02-Sep-18,02-Sep-18
03-Sep-18,03-Sep-18
04-Sep-18,04-Sep-18
05-Sep-18,05-Sep-18
06-Sep-18,06-Sep-18
07-Sep-18,07-Sep-18
08-Sep-18,08-Sep-18
09-Sep-18,09-Sep-18
10-Sep-18,10-Sep-18
11-Sep-18,11-Sep-18
12-Sep-18,12-Sep-18
13-Sep-18,13-Sep-18
14-Sep-18,14-Sep-18
15-Sep-18,15-Sep-18
16-Sep-18,16-Sep-18
17-Sep-18,17-Sep-18
18-Sep-18,18-Sep-18
19-Sep-18,19-Sep-18
20-Sep-18,20-Sep-18
21-Sep-18,21-Sep-18
22-Sep-18,22-Sep-18
23-Sep-18,23-Sep-18
24-Sep-18,24-Sep-18
25-Sep-18,25-Sep-18
26-Sep-18,26-Sep-18
27-Sep-18,27-Sep-18
28-Sep-18,28-Sep-18
29-Sep-18,29-Sep-18
30-Sep-18,30-Sep-18
01-Oct-18,01-Oct-18
02-Oct-18,02-Oct-18
03-Oct-18,03-Oct-18
04-Oct-18,04-Oct-18
05-Oct-18,05-Oct-18
06-Oct-18,06-Oct-18
07-Oct-18,07-Oct-18
08-Oct-18,08-Oct-18
09-Oct-18,09-Oct-18
10-Oct-18,10-Oct-18
11-Oct-18,11-Oct-18
12-Oct-18,12-Oct-18
13-Oct-18,13-Oct-18
14-Oct-18,14-Oct-18
15-Oct-18,15-Oct-18
16-Oct-18,16-Oct-18
17-Oct-18,17-Oct-18
18-Oct-18,18-Oct-18
19-Oct-18,19-Oct-18
20-Oct-18,20-Oct-18
21-Oct-18,21-Oct-18
22-Oct-18,22-Oct-18
23-Oct-18,23-Oct-18
24-Oct-18,24-Oct-18
25-Oct-18,25-Oct-18
26-Oct-18,26-Oct-18
27-Oct-18,27-Oct-18
28-Oct-18,28-Oct-18
29-Oct-18,29-Oct-18
30-Oct-18,30-Oct-18
31-Oct-18,31-Oct-18
01-Nov-18,01-Nov-18
02-Nov-18,02-Nov-18
03-Nov-18,03-Nov-18
04-Nov-18,04-Nov-18
05-Nov-18,05-Nov-18
06-Nov-18,06-Nov-18
07-Nov-18,07-Nov-18
08-Nov-18,08-Nov-18
09-Nov-18,09-Nov-18
10-Nov-18,10-Nov-18
11-Nov-18,11-Nov-18
12-Nov-18,12-Nov-18
13-Nov-18,13-Nov-18
14-Nov-18,14-Nov-18
15-Nov-18,15-Nov-18
16-Nov-18,16-Nov-18
17-Nov-18,17-Nov-18
18-Nov-18,18-Nov-18
19-Nov-18,19-Nov-18
20-Nov-18,20-Nov-18
21-Nov-18,21-Nov-18
22-Nov-18,22-Nov-18
23-Nov-18,23-Nov-18
24-Nov-18,24-Nov-18
25-Nov-18,25-Nov-18
26-Nov-18,26-Nov-18
27-Nov-18,27-Nov-18
28-Nov-18,28-Nov-18
29-Nov-18,29-Nov-18
30-Nov-18,30-Nov-18
01-Dec-18,01-Dec-18
02-Dec-18,02-Dec-18
03-Dec-18,03-Dec-18
04-Dec-18,04-Dec-18
05-Dec-18,05-Dec-18
06-Dec-18,06-Dec-18
07-Dec-18,07-Dec-18
08-Dec-18,08-Dec-18
09-Dec-18,09-Dec-18
10-Dec-18,10-Dec-18
11-Dec-18,11-Dec-18
12-Dec-18,12-Dec-18
13-Dec-18,13-Dec-18
14-Dec-18,14-Dec-18
15-Dec-18,15-Dec-18
16-Dec-18,16-Dec-18
17-Dec-18,17-Dec-18
18-Dec-18,18-Dec-18
19-Dec-18,19-Dec-18
20-Dec-18,20-Dec-18
21-Dec-18,21-Dec-18
22-Dec-18,22-Dec-18
23-Dec-18,23-Dec-18
24-Dec-18,24-Dec-18
25-Dec-18,25-Dec-18
26-Dec-18,26-Dec-18
27-Dec-18,27-Dec-18
28-Dec-18,28-Dec-18
29-Dec-18,29-Dec-18
30-Dec-18,30-Dec-18
31-Dec-18,31-Dec-18
01-Jan-19,01-Jan-19
02-Jan-19,02-Jan-19
03-Jan-19,03-Jan-19
04-Jan-19,04-Jan-19
05-Jan-19,05-Jan-19
06-Jan-19,06-Jan-19
07-Jan-19,07-Jan-19
08-Jan-19,08-Jan-19
09-Jan-19,09-Jan-19
10-Jan-19,10-Jan-19
11-Jan-19,11-Jan-19
12-Jan-19,12-Jan-19
13-Jan-19,13-Jan-19
14-Jan-19,14-Jan-19
15-Jan-19,15-Jan-19
16-Jan-19,16-Jan-19
17-Jan-19,17-Jan-19
18-Jan-19,18-Jan-19
19-Jan-19,19-Jan-19
20-Jan-19,20-Jan-19
21-Jan-19,21-Jan-19
22-Jan-19,22-Jan-19
23-Jan-19,23-Jan-19
24-Jan-19,24-Jan-19
25-Jan-19,25-Jan-19
26-Jan-19,26-Jan-19
27-Jan-19,27-Jan-19
28-Jan-19,28-Jan-19
29-Jan-19,29-Jan-19
30-Jan-19,30-Jan-19
31-Jan-19,31-Jan-19
01-Feb-19,01-Feb-19
02-Feb-19,02-Feb-19
03-Feb-19,03-Feb-19
04-Feb-19,04-Feb-19
05-Feb-19,05-Feb-19
06-Feb-19,06-Feb-19
07-Feb-19,07-Feb-19
08-Feb-19,08-Feb-19
09-Feb-19,09-Feb-19
10-Feb-19,10-Feb-19
11-Feb-19,11-Feb-19
12-Feb-19,12-Feb-19
13-Feb-19,13-Feb-19
14-Feb-19,14-Feb-19
15-Feb-19,15-Feb-19
16-Feb-19,16-Feb-19
17-Feb-19,17-Feb-19
18-Feb-19,18-Feb-19
19-Feb-19,19-Feb-19
20-Feb-19,20-Feb-19
21-Feb-19,21-Feb-19
22-Feb-19,22-Feb-19
23-Feb-19,23-Feb-19
24-Feb-19,24-Feb-19
25-Feb-19,25-Feb-19
26-Feb-19,26-Feb-19
27-Feb-19,27-Feb-19
28-Feb-19,28-Feb-19
01-Mar-19,01-Mar-19
02-Mar-19,02-Mar-19
03-Mar-19,03-Mar-19
04-Mar-19,04-Mar-19
05-Mar-19,05-Mar-19
06-Mar-19,06-Mar-19
07-Mar-19,07-Mar-19
08-Mar-19,08-Mar-19
09-Mar-19,09-Mar-19
10-Mar-19,10-Mar-19
11-Mar-19,11-Mar-19
12-Mar-19,12-Mar-19
13-Mar-19,13-Mar-19
14-Mar-19,14-Mar-19
15-Mar-19,15-Mar-19
16-Mar-19,16-Mar-19
17-Mar-19,17-Mar-19
18-Mar-19,18-Mar-19
19-Mar-19,19-Mar-19
20-Mar-19,20-Mar-19
21-Mar-19,21-Mar-19
22-Mar-19,22-Mar-19
23-Mar-19,23-Mar-19
24-Mar-19,24-Mar-19
25-Mar-19,25-Mar-19
26-Mar-19,26-Mar-19
27-Mar-19,27-Mar-19
28-Mar-19,28-Mar-19
29-Mar-19,29-Mar-19
30-Mar-19,30-Mar-19
31-Mar-19,31-Mar-19
01-Apr-19,01-Apr-19
02-Apr-19,02-Apr-19
03-Apr-19,03-Apr-19
04-Apr-19,04-Apr-19
05-Apr-19,05-Apr-19
06-Apr-19,06-Apr-19
07-Apr-19,07-Apr-19
08-Apr-19,08-Apr-19
09-Apr-19,09-Apr-19
10-Apr-19,10-Apr-19
11-Apr-19,11-Apr-19
12-Apr-19,12-Apr-19
13-Apr-19,13-Apr-19
14-Apr-19,14-Apr-19
15-Apr-19,15-Apr-19
16-Apr-19,16-Apr-19
17-Apr-19,17-Apr-19
18-Apr-19,18-Apr-19
19-Apr-19,19-Apr-19
20-Apr-19,20-Apr-19
21-Apr-19,21-Apr-19
22-Apr-19,22-Apr-19
23-Apr-19,23-Apr-19
24-Apr-19,24-Apr-19
25-Apr-19,25-Apr-19
26-Apr-19,26-Apr-19
27-Apr-19,27-Apr-19
28-Apr-19,28-Apr-19
29-Apr-19,29-Apr-19
30-Apr-19,30-Apr-19
01-May-19,01-May-19
02-May-19,02-May-19
03-May-19,03-May-19
04-May-19,04-May-19
05-May-19,05-May-19
06-May-19,06-May-19
07-May-19,07-May-19
08-May-19,08-May-19
09-May-19,09-May-19
10-May-19,10-May-19
11-May-19,11-May-19
12-May-19,12-May-19
13-May-19,13-May-19
14-May-19,14-May-19
15-May-19,15-May-19
16-May-19,16-May-19
17-May-19,17-May-19
18-May-19,18-May-19
19-May-19,19-May-19
20-May-19,20-May-19
21-May-19,21-May-19
22-May-19,22-May-19
23-May-19,23-May-19
24-May-19,24-May-19
25-May-19,25-May-19
26-May-19,26-May-19
27-May-19,27-May-19
28-May-19,28-May-19
29-May-19,29-May-19
30-May-19,30-May-19
31-May-19,31-May-19
01-Jun-19,01-Jun-19
02-Jun-19,02-Jun-19
03-Jun-19,03-Jun-19
04-Jun-19,04-Jun-19
05-Jun-19,05-Jun-19
06-Jun-19,06-Jun-19
07-Jun-19,07-Jun-19
08-Jun-19,08-Jun-19
09-Jun-19,09-Jun-19
10-Jun-19,10-Jun-19
11-Jun-19,11-Jun-19
12-Jun-19,12-Jun-19
13-Jun-19,13-Jun-19
14-Jun-19,14-Jun-19
15-Jun-19,15-Jun-19
16-Jun-19,16-Jun-19
17-Jun-19,17-Jun-19
18-Jun-19,18-Jun-19
19-Jun-19,19-Jun-19
20-Jun-19,20-Jun-19
21-Jun-19,21-Jun-19
22-Jun-19,22-Jun-19
23-Jun-19,23-Jun-19
24-Jun-19,24-Jun-19
25-Jun-19,25-Jun-19
26-Jun-19,26-Jun-19
27-Jun-19,27-Jun-19
28-Jun-19,28-Jun-19
29-Jun-19,29-Jun-19
30-Jun-19,30-Jun-19
01-Jul-19,01-Jul-19
02-Jul-19,02-Jul-19
03-Jul-19,03-Jul-19
04-Jul-19,04-Jul-19
05-Jul-19,05-Jul-19
06-Jul-19,06-Jul-19
07-Jul-19,07-Jul-19
08-Jul-19,08-Jul-19
09-Jul-19,09-Jul-19
10-Jul-19,10-Jul-19
11-Jul-19,11-Jul-19
12-Jul-19,12-Jul-19
13-Jul-19,13-Jul-19
14-Jul-19,14-Jul-19
15-Jul-19,15-Jul-19
16-Jul-19,16-Jul-19
17-Jul-19,17-Jul-19
18-Jul-19,18-Jul-19
19-Jul-19,19-Jul-19
20-Jul-19,20-Jul-19
21-Jul-19,21-Jul-19
22-Jul-19,22-Jul-19
23-Jul-19,23-Jul-19
24-Jul-19,24-Jul-19
25-Jul-19,25-Jul-19
26-Jul-19,26-Jul-19
27-Jul-19,27-Jul-19
28-Jul-19,28-Jul-19
29-Jul-19,29-Jul-19
30-Jul-19,30-Jul-19
31-Jul-19,31-Jul-19
01-Aug-19,01-Aug-19
02-Aug-19,02-Aug-19
03-Aug-19,03-Aug-19
04-Aug-19,04-Aug-19
05-Aug-19,05-Aug-19
06-Aug-19,06-Aug-19
07-Aug-19,07-Aug-19
08-Aug-19,08-Aug-19
09-Aug-19,09-Aug-19
10-Aug-19,10-Aug-19
11-Aug-19,11-Aug-19
12-Aug-19,12-Aug-19
13-Aug-19,13-Aug-19
14-Aug-19,14-Aug-19
15-Aug-19,15-Aug-19
16-Aug-19,16-Aug-19
17-Aug-19,17-Aug-19
18-Aug-19,18-Aug-19
19-Aug-19,19-Aug-19
20-Aug-19,20-Aug-19
21-Aug-19,21-Aug-19
22-Aug-19,22-Aug-19
23-Aug-19,23-Aug-19
24-Aug-19,24-Aug-19
25-Aug-19,25-Aug-19
26-Aug-19,26-Aug-19
27-Aug-19,27-Aug-19
28-Aug-19,28-Aug-19
29-Aug-19,29-Aug-19
30-Aug-19,30-Aug-19
31-Aug-19,31-Aug-19
01-Sep-19,01-Sep-19
02-Sep-19,02-Sep-19
03-Sep-19,03-Sep-19
04-Sep-19,04-Sep-19
05-Sep-19,05-Sep-19
06-Sep-19,06-Sep-19
07-Sep-19,07-Sep-19
08-Sep-19,08-Sep-19
09-Sep-19,09-Sep-19
10-Sep-19,10-Sep-19
11-Sep-19,11-Sep-19
12-Sep-19,12-Sep-19
13-Sep-19,13-Sep-19
14-Sep-19,14-Sep-19
15-Sep-19,15-Sep-19
16-Sep-19,16-Sep-19
17-Sep-19,17-Sep-19
18-Sep-19,18-Sep-19
19-Sep-19,19-Sep-19
20-Sep-19,20-Sep-19
21-Sep-19,21-Sep-19
22-Sep-19,22-Sep-19
23-Sep-19,23-Sep-19
24-Sep-19,24-Sep-19
25-Sep-19,25-Sep-19
26-Sep-19,26-Sep-19
27-Sep-19,27-Sep-19
28-Sep-19,28-Sep-19
29-Sep-19,29-Sep-19
30-Sep-19,30-Sep-19
01-Oct-19,01-Oct-19
02-Oct-19,02-Oct-19
03-Oct-19,03-Oct-19
04-Oct-19,04-Oct-19
05-Oct-19,05-Oct-19
06-Oct-19,06-Oct-19
07-Oct-19,07-Oct-19
08-Oct-19,08-Oct-19
09-Oct-19,09-Oct-19
10-Oct-19,10-Oct-19
11-Oct-19,11-Oct-19
12-Oct-19,12-Oct-19
13-Oct-19,13-Oct-19
14-Oct-19,14-Oct-19
15-Oct-19,15-Oct-19
16-Oct-19,16-Oct-19
17-Oct-19,17-Oct-19
18-Oct-19,18-Oct-19
19-Oct-19,19-Oct-19
20-Oct-19,20-Oct-19
21-Oct-19,21-Oct-19
22-Oct-19,22-Oct-19
23-Oct-19,23-Oct-19
24-Oct-19,24-Oct-19
25-Oct-19,25-Oct-19
26-Oct-19,26-Oct-19
27-Oct-19,27-Oct-19
28-Oct-19,28-Oct-19
29-Oct-19,29-Oct-19
30-Oct-19,30-Oct-19
31-Oct-19,31-Oct-19
01-Nov-19,01-Nov-19
02-Nov-19,02-Nov-19
03-Nov-19,03-Nov-19
04-Nov-19,04-Nov-19
05-Nov-19,05-Nov-19
06-Nov-19,06-Nov-19
07-Nov-19,07-Nov-19
08-Nov-19,08-Nov-19
09-Nov-19,09-Nov-19
10-Nov-19,10-Nov-19
11-Nov-19,11-Nov-19
12-Nov-19,12-Nov-19
13-Nov-19,13-Nov-19
14-Nov-19,14-Nov-19
15-Nov-19,15-Nov-19
16-Nov-19,16-Nov-19
17-Nov-19,17-Nov-19
18-Nov-19,18-Nov-19
19-Nov-19,19-Nov-19
20-Nov-19,20-Nov-19
21-Nov-19,21-Nov-19
22-Nov-19,22-Nov-19
23-Nov-19,23-Nov-19
24-Nov-19,24-Nov-19
25-Nov-19,25-Nov-19
26-Nov-19,26-Nov-19
27-Nov-19,27-Nov-19
28-Nov-19,28-Nov-19
29-Nov-19,29-Nov-19
30-Nov-19,30-Nov-19
01-Dec-19,01-Dec-19
02-Dec-19,02-Dec-19
03-Dec-19,03-Dec-19
04-Dec-19,04-Dec-19
05-Dec-19,05-Dec-19
06-Dec-19,06-Dec-19
07-Dec-19,07-Dec-19
08-Dec-19,08-Dec-19
09-Dec-19,09-Dec-19
10-Dec-19,10-Dec-19
11-Dec-19,11-Dec-19
12-Dec-19,12-Dec-19
13-Dec-19,13-Dec-19
14-Dec-19,14-Dec-19
15-Dec-19,15-Dec-19
16-Dec-19,16-Dec-19
17-Dec-19,17-Dec-19
18-Dec-19,18-Dec-19
19-Dec-19,19-Dec-19
20-Dec-19,20-Dec-19
21-Dec-19,21-Dec-19
22-Dec-19,22-Dec-19
23-Dec-19,23-Dec-19
24-Dec-19,24-Dec-19
25-Dec-19,25-Dec-19
26-Dec-19,26-Dec-19
27-Dec-19,27-Dec-19
28-Dec-19,28-Dec-19
29-Dec-19,29-Dec-19
30-Dec-19,30-Dec-19
31-Dec-19,31-Dec-19
